<?xml version="1.0" encoding="UTF-8"?>
<!DOCTYPE mapper PUBLIC "-//mybatis.org//DTD Mapper 3.0//EN" "http://mybatis.org/dtd/mybatis-3-mapper.dtd">
<mapper namespace="com.atguigu.crud.dao.AddressMapper">
  <resultMap id="BaseResultMap" type="com.atguigu.crud.bean.Address">
    <id column="ad_id" jdbcType="INTEGER" property="adId" />
    <result column="user_id" jdbcType="INTEGER" property="userId" />
    <result column="adrs" jdbcType="VARCHAR" property="adrs" />
    <result column="province" jdbcType="VARCHAR" property="province" />
    <result column="city" jdbcType="VARCHAR" property="city" />
    <result column="country" jdbcType="VARCHAR" property="country" />
    <result column="address_name" jdbcType="VARCHAR" property="addressName" />
    <result column="address_phone" jdbcType="VARCHAR" property="addressPhone" />
    <result column="xx" jdbcType="VARCHAR" property="xx" />
  </resultMap>
  <sql id="Example_Where_Clause">
    <where>
      <foreach collection="oredCriteria" item="criteria" separator="or">
        <if test="criteria.valid">
          <trim prefix="(" prefixOverrides="and" suffix=")">
            <foreach collection="criteria.criteria" item="criterion">
              <choose>
                <when test="criterion.noValue">
                  and ${criterion.condition}
                </when>
                <when test="criterion.singleValue">
                  and ${criterion.condition} #{criterion.value}
                </when>
                <when test="criterion.betweenValue">
                  and ${criterion.condition} #{criterion.value} and #{criterion.secondValue}
                </when>
                <when test="criterion.listValue">
                  and ${criterion.condition}
                  <foreach close=")" collection="criterion.value" item="listItem" open="(" separator=",">
                    #{listItem}
                  </foreach>
                </when>
              </choose>
            </foreach>
          </trim>
        </if>
      </foreach>
    </where>
  </sql>
  <sql id="Update_By_Example_Where_Clause">
    <where>
      <foreach collection="example.oredCriteria" item="criteria" separator="or">
        <if test="criteria.valid">
          <trim prefix="(" prefixOverrides="and" suffix=")">
            <foreach collection="criteria.criteria" item="criterion">
              <choose>
                <when test="criterion.noValue">
                  and ${criterion.condition}
                </when>
                <when test="criterion.singleValue">
                  and ${criterion.condition} #{criterion.value}
                </when>
                <when test="criterion.betweenValue">
                  and ${criterion.condition} #{criterion.value} and #{criterion.secondValue}
                </when>
                <when test="criterion.listValue">
                  and ${criterion.condition}
                  <foreach close=")" collection="criterion.value" item="listItem" open="(" separator=",">
                    #{listItem}
                  </foreach>
                </when>
              </choose>
            </foreach>
          </trim>
        </if>
      </foreach>
    </where>
  </sql>
  <sql id="Base_Column_List">
    ad_id, user_id, adrs, province, city, country, address_name, address_phone, xx
  </sql>
  <select id="selectByExample" parameterType="com.atguigu.crud.bean.AddressExample" resultMap="BaseResultMap">
    select
    <if test="distinct">
      distinct
    </if>
    <include refid="Base_Column_List" />
    from address
    <if test="_parameter != null">
      <include refid="Example_Where_Clause" />
    </if>
    
      order by xx desc
    
  </select>
  <select id="selectByPrimaryKey" parameterType="java.lang.Integer" resultMap="BaseResultMap">
    select 
    <include refid="Base_Column_List" />
    from address
    where ad_id = #{adId,jdbcType=INTEGER}
  </select>
  <delete id="deleteByPrimaryKey" parameterType="java.lang.Integer">
    delete from address
    where ad_id = #{adId,jdbcType=INTEGER}
  </delete>
  <delete id="deleteByExample" parameterType="com.atguigu.crud.bean.AddressExample">
    delete from address
    <if test="_parameter != null">
      <include refid="Example_Where_Clause" />
    </if>
  </delete>
  <insert id="insert" parameterType="com.atguigu.crud.bean.Address">
    insert into address (ad_id, user_id, adrs, 
      province, city, country, 
      address_name, address_phone, xx
      )
    values (#{adId,jdbcType=INTEGER}, #{userId,jdbcType=INTEGER}, #{adrs,jdbcType=VARCHAR}, 
      #{province,jdbcType=VARCHAR}, #{city,jdbcType=VARCHAR}, #{country,jdbcType=VARCHAR}, 
      #{addressName,jdbcType=VARCHAR}, #{addressPhone,jdbcType=VARCHAR}, #{xx,jdbcType=VARCHAR}
      )
  </insert>
  <insert id="insertSelective" parameterType="com.atguigu.crud.bean.Address">
    insert into address
    <trim prefix="(" suffix=")" suffixOverrides=",">
      <if test="adId != null">
        ad_id,
      </if>
      <if test="userId != null">
        user_id,
      </if>
      <if test="adrs != null">
        adrs,
      </if>
      <if test="province != null">
        province,
      </if>
      <if test="city != null">
        city,
      </if>
      <if test="country != null">
        country,
      </if>
      <if test="addressName != null">
        address_name,
      </if>
      <if test="addressPhone != null">
        address_phone,
      </if>
      <if test="xx != null">
        xx,
      </if>
    </trim>
    <trim prefix="values (" suffix=")" suffixOverrides=",">
      <if test="adId != null">
        #{adId,jdbcType=INTEGER},
      </if>
      <if test="userId != null">
        #{userId,jdbcType=INTEGER},
      </if>
      <if test="adrs != null">
        #{adrs,jdbcType=VARCHAR},
      </if>
      <if test="province != null">
        #{province,jdbcType=VARCHAR},
      </if>
      <if test="city != null">
        #{city,jdbcType=VARCHAR},
      </if>
      <if test="country != null">
        #{country,jdbcType=VARCHAR},
      </if>
      <if test="addressName != null">
        #{addressName,jdbcType=VARCHAR},
      </if>
      <if test="addressPhone != null">
        #{addressPhone,jdbcType=VARCHAR},
      </if>
      <if test="xx != null">
        #{xx,jdbcType=VARCHAR},
      </if>
    </trim>
  </insert>
  <select id="countByExample" parameterType="com.atguigu.crud.bean.AddressExample" resultType="java.lang.Long">
    select count(*) from address
    <if test="_parameter != null">
      <include refid="Example_Where_Clause" />
    </if>
  </select>
  <update id="updateByExampleSelective" parameterType="map">
    update address
    <set>
      <if test="record.adId != null">
        ad_id = #{record.adId,jdbcType=INTEGER},
      </if>
      <if test="record.userId != null">
        user_id = #{record.userId,jdbcType=INTEGER},
      </if>
      <if test="record.adrs != null">
        adrs = #{record.adrs,jdbcType=VARCHAR},
      </if>
      <if test="record.province != null">
        province = #{record.province,jdbcType=VARCHAR},
      </if>
      <if test="record.city != null">
        city = #{record.city,jdbcType=VARCHAR},
      </if>
      <if test="record.country != null">
        country = #{record.country,jdbcType=VARCHAR},
      </if>
      <if test="record.addressName != null">
        address_name = #{record.addressName,jdbcType=VARCHAR},
      </if>
      <if test="record.addressPhone != null">
        address_phone = #{record.addressPhone,jdbcType=VARCHAR},
      </if>
      <if test="record.xx != null">
        xx = #{record.xx,jdbcType=VARCHAR},
      </if>
    </set>
    <if test="_parameter != null">
      <include refid="Update_By_Example_Where_Clause" />
    </if>
  </update>
  <update id="updateByExample" parameterType="map">
    update address
    set ad_id = #{record.adId,jdbcType=INTEGER},
      user_id = #{record.userId,jdbcType=INTEGER},
      adrs = #{record.adrs,jdbcType=VARCHAR},
      province = #{record.province,jdbcType=VARCHAR},
      city = #{record.city,jdbcType=VARCHAR},
      country = #{record.country,jdbcType=VARCHAR},
      address_name = #{record.addressName,jdbcType=VARCHAR},
      address_phone = #{record.addressPhone,jdbcType=VARCHAR},
      xx = #{record.xx,jdbcType=VARCHAR}
    <if test="_parameter != null">
      <include refid="Update_By_Example_Where_Clause" />
    </if>
  </update>
  <update id="updateByPrimaryKeySelective" parameterType="com.atguigu.crud.bean.Address">
    update address
    <set>
      <if test="userId != null">
        user_id = #{userId,jdbcType=INTEGER},
      </if>
      <if test="adrs != null">
        adrs = #{adrs,jdbcType=VARCHAR},
      </if>
      <if test="province != null">
        province = #{province,jdbcType=VARCHAR},
      </if>
      <if test="city != null">
        city = #{city,jdbcType=VARCHAR},
      </if>
      <if test="country != null">
        country = #{country,jdbcType=VARCHAR},
      </if>
      <if test="addressName != null">
        address_name = #{addressName,jdbcType=VARCHAR},
      </if>
      <if test="addressPhone != null">
        address_phone = #{addressPhone,jdbcType=VARCHAR},
      </if>
      <if test="xx != null">
        xx = #{xx,jdbcType=VARCHAR},
      </if>
    </set>
    where ad_id = #{adId,jdbcType=INTEGER}
  </update>
  <update id="updateByPrimaryKey" parameterType="com.atguigu.crud.bean.Address">
    update address
    set user_id = #{userId,jdbcType=INTEGER},
      adrs = #{adrs,jdbcType=VARCHAR},
      province = #{province,jdbcType=VARCHAR},
      city = #{city,jdbcType=VARCHAR},
      country = #{country,jdbcType=VARCHAR},
      address_name = #{addressName,jdbcType=VARCHAR},
      address_phone = #{addressPhone,jdbcType=VARCHAR},
      xx = #{xx,jdbcType=VARCHAR}
    where ad_id = #{adId,jdbcType=INTEGER}
  </update>
</mapper>