<?xml version="1.0" encoding="UTF-8"?>
<!DOCTYPE mapper PUBLIC "-//mybatis.org//DTD Mapper 3.0//EN" "http://mybatis.org/dtd/mybatis-3-mapper.dtd">
<mapper namespace="com.atguigu.crud.dao.ChatMapper">
  <resultMap id="BaseResultMap" type="com.atguigu.crud.bean.Chat">
    <id column="id" jdbcType="INTEGER" property="id" />
    <result column="id_fsf" jdbcType="INTEGER" property="idFsf" />
    <result column="id_jsf" jdbcType="INTEGER" property="idJsf" />
    <result column="content" jdbcType="VARCHAR" property="content" />
    <result column="image" jdbcType="VARCHAR" property="image" />
    <result column="l_time" jdbcType="VARCHAR" property="lTime" />
    <result column="is_look" jdbcType="VARCHAR" property="isLook" />
    <result column="is_remove_fa" jdbcType="VARCHAR" property="isRemoveFa" />
    <result column="is_remove_jie" jdbcType="VARCHAR" property="isRemoveJie" />
    <result column="chat_signal" jdbcType="VARCHAR" property="chatSignal" />
     <result column="good_id" jdbcType="INTEGER" property="goodId" />
  </resultMap>
  <resultMap id="WithXXResultMap" type="com.atguigu.crud.bean.Chat">
    <id column="id" jdbcType="INTEGER" property="id" />
    <result column="id_fsf" jdbcType="INTEGER" property="idFsf" />
    <result column="id_jsf" jdbcType="INTEGER" property="idJsf" />
    <result column="content" jdbcType="VARCHAR" property="content" />
    <result column="image" jdbcType="VARCHAR" property="image" />
    <result column="l_time" jdbcType="VARCHAR" property="lTime" />
    <result column="is_look" jdbcType="VARCHAR" property="isLook" />
    <result column="is_remove_fa" jdbcType="VARCHAR" property="isRemoveFa" />
    <result column="is_remove_jie" jdbcType="VARCHAR" property="isRemoveJie" />
    <result column="chat_signal" jdbcType="VARCHAR" property="chatSignal" />
    <result column="good_id" jdbcType="INTEGER" property="goodId" />
    <association property="user" javaType="com.atguigu.crud.bean.User">
    	<id column="id_jsf" jdbcType="INTEGER" property="id" />
	    <result column="phone" jdbcType="VARCHAR" property="phone" />
	    <result column="username" jdbcType="VARCHAR" property="username" />
	    <result column="password" jdbcType="VARCHAR" property="password" />
	    <result column="QQ" jdbcType="VARCHAR" property="qq" />
	    <result column="create_at" jdbcType="VARCHAR" property="createAt" />
	    <result column="goods_num" jdbcType="INTEGER" property="goodsNum" />
	    <result column="power" jdbcType="INTEGER" property="power" />
	    <result column="last_login" jdbcType="VARCHAR" property="lastLogin" />
	    <result column="status" jdbcType="INTEGER" property="status" />
	</association>

  </resultMap>
  <sql id="Example_Where_Clause">
    <where>
      <foreach collection="oredCriteria" item="criteria" separator="or">
        <if test="criteria.valid">
          <trim prefix="(" prefixOverrides="and" suffix=")">
            <foreach collection="criteria.criteria" item="criterion">
              <choose>
                <when test="criterion.noValue">
                  and ${criterion.condition}
                </when>
                <when test="criterion.singleValue">
                  and ${criterion.condition} #{criterion.value}
                </when>
                <when test="criterion.betweenValue">
                  and ${criterion.condition} #{criterion.value} and #{criterion.secondValue}
                </when>
                <when test="criterion.listValue">
                  and ${criterion.condition}
                  <foreach close=")" collection="criterion.value" item="listItem" open="(" separator=",">
                    #{listItem}
                  </foreach>
                </when>
              </choose>
            </foreach>
          </trim>
        </if>
      </foreach>
    </where>
  </sql>
  <sql id="Update_By_Example_Where_Clause">
    <where>
      <foreach collection="example.oredCriteria" item="criteria" separator="or">
        <if test="criteria.valid">
          <trim prefix="(" prefixOverrides="and" suffix=")">
            <foreach collection="criteria.criteria" item="criterion">
              <choose>
                <when test="criterion.noValue">
                  and ${criterion.condition}
                </when>
                <when test="criterion.singleValue">
                  and ${criterion.condition} #{criterion.value}
                </when>
                <when test="criterion.betweenValue">
                  and ${criterion.condition} #{criterion.value} and #{criterion.secondValue}
                </when>
                <when test="criterion.listValue">
                  and ${criterion.condition}
                  <foreach close=")" collection="criterion.value" item="listItem" open="(" separator=",">
                    #{listItem}
                  </foreach>
                </when>
              </choose>
            </foreach>
          </trim>
        </if>
      </foreach>
    </where>
  </sql>
  <sql id="Base_Column_List">
    id, id_fsf, id_jsf, content, image, l_time, is_look, is_remove_fa, is_remove_jie, 
    chat_signal,good_id
  </sql>
  <sql id="WithXX_Column_List">
  	 c.id, c.id_fsf, c.id_jsf, c.content, c.image, c.l_time, c.is_look, c.is_remove_fa, c.is_remove_jie, c.chat_signal,c.good_id,
  	 u.id, u.phone, u.username, u.password, u.QQ, u.create_at, u.goods_num, u.power, u.last_login, u.status
  </sql>
  <!-- 查询同时带信息 -->
  <select id="selectByExampleWithXX" resultMap="WithXXResultMap">
	   select
	    <if test="distinct">
	      distinct
	    </if>
	    <include refid="WithXX_Column_List" />
		FROM chat c LEFT JOIN `user` u ON u.id = c.id_jsf
	    <if test="_parameter != null">
	      <include refid="Example_Where_Clause" />
	    </if>
	      order by c.l_time
  </select>
  <select id="selectByPrimaryKeyWithXX" resultMap="WithXXResultMap">
   	select 
    <include refid="WithXX_Column_List" />
    FROM chat c LEFT JOIN `user` u ON u.id = c.id_jsf
    where c.id = #{id,jdbcType=INTEGER}
   <!-- FROM
		    (SELECT * FROM `user`) AS u
		RIGHT JOIN chat c ON u.id = c.id_fsf
		LEFT JOIN `user` uu ON uu.id = c.id_jsf
		where c.id = #{id,jdbcType=INTEGER} -->
  </select>
  <!-- 查询不带信息 -->
  <select id="selectByExample" parameterType="com.atguigu.crud.bean.ChatExample" resultMap="BaseResultMap">
    select
    <if test="distinct">
      distinct
    </if>
    <include refid="Base_Column_List" />
    from chat
    <if test="_parameter != null">
      <include refid="Example_Where_Clause" />
    </if>
    <if test="orderByClause != null">
      order by ${orderByClause}
    </if>
  </select>
  <select id="selectByPrimaryKey" parameterType="java.lang.Integer" resultMap="BaseResultMap">
    select 
    <include refid="Base_Column_List" />
    from chat
    where id = #{id,jdbcType=INTEGER}
  </select>
  <delete id="deleteByPrimaryKey" parameterType="java.lang.Integer">
    delete from chat
    where id = #{id,jdbcType=INTEGER}
  </delete>
  <delete id="deleteByExample" parameterType="com.atguigu.crud.bean.ChatExample">
    delete from chat
    <if test="_parameter != null">
      <include refid="Example_Where_Clause" />
    </if>
  </delete>

  <insert id="insertSelective" parameterType="com.atguigu.crud.bean.Chat">
    insert into chat
    <trim prefix="(" suffix=")" suffixOverrides=",">
      <if test="id != null">
        id,
      </if>
      <if test="idFsf != null">
        id_fsf,
      </if>
      <if test="idJsf != null">
        id_jsf,
      </if>
      <if test="content != null">
        content,
      </if>
      <if test="image != null">
        image,
      </if>
      <if test="lTime != null">
        l_time,
      </if>
      <if test="isLook != null">
        is_look,
      </if>
      <if test="isRemoveFa != null">
        is_remove_fa,
      </if>
      <if test="isRemoveJie != null">
        is_remove_jie,
      </if>
      <if test="chatSignal != null">
        chat_signal,
      </if>
       <if test="goodId != null">
        good_id
      </if>
    </trim>
    <trim prefix="values (" suffix=")" suffixOverrides=",">
      <if test="id != null">
        #{id,jdbcType=INTEGER},
      </if>
      <if test="idFsf != null">
        #{idFsf,jdbcType=INTEGER},
      </if>
      <if test="idJsf != null">
        #{idJsf,jdbcType=INTEGER},
      </if>
      <if test="content != null">
        #{content,jdbcType=VARCHAR},
      </if>
      <if test="image != null">
        #{image,jdbcType=VARCHAR},
      </if>
      <if test="lTime != null">
        #{lTime,jdbcType=VARCHAR},
      </if>
      <if test="isLook != null">
        #{isLook,jdbcType=VARCHAR},
      </if>
      <if test="isRemoveFa != null">
        #{isRemoveFa,jdbcType=VARCHAR},
      </if>
      <if test="isRemoveJie != null">
        #{isRemoveJie,jdbcType=VARCHAR},
      </if>
      <if test="chatSignal != null">
        #{chatSignal,jdbcType=VARCHAR},
      </if>
       <if test="goodId != null">
        #{goodId,jdbcType=INTEGER},
      </if>
    </trim>
  </insert>
  <select id="countByExample" parameterType="com.atguigu.crud.bean.ChatExample" resultType="java.lang.Long">
    select count(*) from chat
    <if test="_parameter != null">
      <include refid="Example_Where_Clause" />
    </if>
  </select>
 
</mapper>