<?xml version="1.0" encoding="UTF-8"?>
<!DOCTYPE mapper PUBLIC "-//mybatis.org//DTD Mapper 3.0//EN" "http://mybatis.org/dtd/mybatis-3-mapper.dtd">
<mapper namespace="com.atguigu.crud.dao.CommentsMapper">
  <resultMap id="BaseResultMap" type="com.atguigu.crud.bean.Comments">
    <id column="id" jdbcType="INTEGER" property="id" />
    <result column="user_id" jdbcType="INTEGER" property="userId" />
    <result column="goods_id" jdbcType="INTEGER" property="goodsId" />
    <result column="content" jdbcType="VARCHAR" property="content" />
    <result column="create_at" jdbcType="VARCHAR" property="createAt" />
  </resultMap>
  <resultMap id="WithXXResultMap" type="com.atguigu.crud.bean.Comments">
    <id column="id" jdbcType="INTEGER" property="id" />
    <result column="user_id" jdbcType="INTEGER" property="userId" />
    <result column="goods_id" jdbcType="INTEGER" property="goodsId" />
    <result column="content" jdbcType="VARCHAR" property="content" />
    <result column="create_at" jdbcType="VARCHAR" property="createAt" />
    <association property="user" javaType="com.atguigu.crud.bean.User">
    	<id column="user_id" property="id"/>
    	<result column="phone" jdbcType="CHAR" property="phone" />
	    <result column="username" jdbcType="VARCHAR" property="username" />
	    <result column="password" jdbcType="CHAR" property="password" />
	    <result column="QQ" jdbcType="VARCHAR" property="qq" />
	    <result column="create_at" jdbcType="VARCHAR" property="createAt" />
	    <result column="goods_num" jdbcType="INTEGER" property="goodsNum" />
	    <result column="power" jdbcType="INTEGER" property="power" />
	    <result column="last_login" jdbcType="VARCHAR" property="lastLogin" />
	    <result column="status" jdbcType="INTEGER" property="status" />
	</association>
    <association property="goods" javaType="com.atguigu.crud.bean.Goods">
    	<id column="id" jdbcType="INTEGER" property="id" />
	    <result column="catelog_id" jdbcType="INTEGER" property="catelogId" />
	    <result column="user_id" jdbcType="INTEGER" property="userId" />
	    <result column="good_name" jdbcType="VARCHAR" property="goodName" />
	    <result column="price" jdbcType="REAL" property="price" />
	    <result column="real_price" jdbcType="REAL" property="realPrice" />
	    <result column="start_time" jdbcType="VARCHAR" property="startTime" />
	    <result column="polish_time" jdbcType="VARCHAR" property="polishTime" />
	    <result column="end_time" jdbcType="VARCHAR" property="endTime" />
	    <result column="describle" jdbcType="VARCHAR" property="describle" />
	    <result column="status" jdbcType="INTEGER" property="status" />
	    <result column="img_url1" jdbcType="VARCHAR" property="imgUrl1" />
	    <result column="img_url2" jdbcType="VARCHAR" property="imgUrl2" />
	    <result column="img_url3" jdbcType="VARCHAR" property="imgUrl3" />
	    <result column="img_url4" jdbcType="VARCHAR" property="imgUrl4" />
	    <result column="img_url5" jdbcType="VARCHAR" property="imgUrl5" />
	    <result column="img_url6" jdbcType="VARCHAR" property="imgUrl6" />
	    <result column="img_url7" jdbcType="VARCHAR" property="imgUrl7" />
	    <result column="img_url9" jdbcType="VARCHAR" property="imgUrl9" />
	    <result column="img_url8" jdbcType="VARCHAR" property="imgUrl8" />
    </association>
  </resultMap>
  <sql id="Example_Where_Clause">
    <where>
      <foreach collection="oredCriteria" item="criteria" separator="or">
        <if test="criteria.valid">
          <trim prefix="(" prefixOverrides="and" suffix=")">
            <foreach collection="criteria.criteria" item="criterion">
              <choose>
                <when test="criterion.noValue">
                  and ${criterion.condition}
                </when>
                <when test="criterion.singleValue">
                  and ${criterion.condition} #{criterion.value}
                </when>
                <when test="criterion.betweenValue">
                  and ${criterion.condition} #{criterion.value} and #{criterion.secondValue}
                </when>
                <when test="criterion.listValue">
                  and ${criterion.condition}
                  <foreach close=")" collection="criterion.value" item="listItem" open="(" separator=",">
                    #{listItem}
                  </foreach>
                </when>
              </choose>
            </foreach>
          </trim>
        </if>
      </foreach>
    </where>
  </sql>
  <sql id="Update_By_Example_Where_Clause">
    <where>
      <foreach collection="example.oredCriteria" item="criteria" separator="or">
        <if test="criteria.valid">
          <trim prefix="(" prefixOverrides="and" suffix=")">
            <foreach collection="criteria.criteria" item="criterion">
              <choose>
                <when test="criterion.noValue">
                  and ${criterion.condition}
                </when>
                <when test="criterion.singleValue">
                  and ${criterion.condition} #{criterion.value}
                </when>
                <when test="criterion.betweenValue">
                  and ${criterion.condition} #{criterion.value} and #{criterion.secondValue}
                </when>
                <when test="criterion.listValue">
                  and ${criterion.condition}
                  <foreach close=")" collection="criterion.value" item="listItem" open="(" separator=",">
                    #{listItem}
                  </foreach>
                </when>
              </choose>
            </foreach>
          </trim>
        </if>
      </foreach>
    </where>
  </sql>
  <sql id="Base_Column_List">
    id, user_id, goods_id, content, create_at
  </sql>
  <sql id="WithXX_Column_List">
  	cc.id, cc.user_id, cc.goods_id, cc.content, cc.create_at,
  	g.id, g.catelog_id, g.user_id, g.good_name, g.price, g.real_price,g.start_time, g.polish_time, g.end_time,g.describle,g.status,
  	g.img_url1, g.img_url2, g.img_url3, g.img_url4, g.img_url5, g.img_url6, g.img_url7, g.img_url9, g.img_url8,
  	u.id, u.phone, u.username, u.password, u.QQ, u.create_at, u.goods_num, u.power, u.last_login, u.status
  </sql>
  <!-- 查询同时带信息 -->
  <select id="selectByExampleWithXX" resultMap="WithXXResultMap">
	   select
	    <if test="distinct">
	      distinct
	    </if>
	    <include refid="WithXX_Column_List" />
		FROM comments cc
		left join  goods g on (cc.`goods_id`=g.`id`)
		left join  `user` u on (cc.`user_id`=u.`id`)
	    <if test="_parameter != null">
	      <include refid="Example_Where_Clause" />
	    </if>
	    order by cc.create_at desc
  </select>
  <select id="selectByPrimaryKeyWithXX" resultMap="WithXXResultMap">
   	select 
    <include refid="WithXX_Column_List" />
    FROM comments cc
		left join  goods g on (cc.`goods_id`=g.`id`)
		left join  `user` u on (cc.`user_id`=u.`id`)
		where cc.id = #{id,jdbcType=INTEGER}
		order by cc.create_at desc
  </select>
  <!-- 查询不带信息 -->
  <select id="selectByExample" parameterType="com.atguigu.crud.bean.CommentsExample" resultMap="BaseResultMap">
    select
    <if test="distinct">
      distinct
    </if>
    <include refid="Base_Column_List" />
    from comments
    <if test="_parameter != null">
      <include refid="Example_Where_Clause" />
    </if>
    order by create_at desc
  </select>
  <select id="selectByPrimaryKey" parameterType="java.lang.Integer" resultMap="BaseResultMap">
    select 
    <include refid="Base_Column_List" />
    from comments
    where id = #{id,jdbcType=INTEGER}
  </select>
  <delete id="deleteByPrimaryKey" parameterType="java.lang.Integer">
    delete from comments
    where id = #{id,jdbcType=INTEGER}
  </delete>
  <delete id="deleteByExample" parameterType="com.atguigu.crud.bean.CommentsExample">
    delete from comments
    <if test="_parameter != null">
      <include refid="Example_Where_Clause" />
    </if>
  </delete>
  <insert id="insert" parameterType="com.atguigu.crud.bean.Comments">
    insert into comments (id, user_id, goods_id, 
      content, create_at)
    values (#{id,jdbcType=INTEGER}, #{userId,jdbcType=INTEGER}, #{goodsId,jdbcType=INTEGER}, 
      #{content,jdbcType=VARCHAR}, #{createAt,jdbcType=VARCHAR})
  </insert>
  <insert id="insertSelective" parameterType="com.atguigu.crud.bean.Comments">
    insert into comments
    <trim prefix="(" suffix=")" suffixOverrides=",">
      <if test="id != null">
        id,
      </if>
      <if test="userId != null">
        user_id,
      </if>
      <if test="goodsId != null">
        goods_id,
      </if>
      <if test="content != null">
        content,
      </if>
      <if test="createAt != null">
        create_at,
      </if>
    </trim>
    <trim prefix="values (" suffix=")" suffixOverrides=",">
      <if test="id != null">
        #{id,jdbcType=INTEGER},
      </if>
      <if test="userId != null">
        #{userId,jdbcType=INTEGER},
      </if>
      <if test="goodsId != null">
        #{goodsId,jdbcType=INTEGER},
      </if>
      <if test="content != null">
        #{content,jdbcType=VARCHAR},
      </if>
      <if test="createAt != null">
        #{createAt,jdbcType=VARCHAR},
      </if>
    </trim>
  </insert>
  <select id="countByExample" parameterType="com.atguigu.crud.bean.CommentsExample" resultType="java.lang.Long">
    select count(*) from comments
    <if test="_parameter != null">
      <include refid="Example_Where_Clause" />
    </if>
  </select>
  <update id="updateByExampleSelective" parameterType="map">
    update comments
    <set>
      <if test="record.id != null">
        id = #{record.id,jdbcType=INTEGER},
      </if>
      <if test="record.userId != null">
        user_id = #{record.userId,jdbcType=INTEGER},
      </if>
      <if test="record.goodsId != null">
        goods_id = #{record.goodsId,jdbcType=INTEGER},
      </if>
      <if test="record.content != null">
        content = #{record.content,jdbcType=VARCHAR},
      </if>
      <if test="record.createAt != null">
        create_at = #{record.createAt,jdbcType=VARCHAR},
      </if>
    </set>
    <if test="_parameter != null">
      <include refid="Update_By_Example_Where_Clause" />
    </if>
  </update>
  <update id="updateByExample" parameterType="map">
    update comments
    set id = #{record.id,jdbcType=INTEGER},
      user_id = #{record.userId,jdbcType=INTEGER},
      goods_id = #{record.goodsId,jdbcType=INTEGER},
      content = #{record.content,jdbcType=VARCHAR},
      create_at = #{record.createAt,jdbcType=VARCHAR}
    <if test="_parameter != null">
      <include refid="Update_By_Example_Where_Clause" />
    </if>
  </update>
  <update id="updateByPrimaryKeySelective" parameterType="com.atguigu.crud.bean.Comments">
    update comments
    <set>
      <if test="userId != null">
        user_id = #{userId,jdbcType=INTEGER},
      </if>
      <if test="goodsId != null">
        goods_id = #{goodsId,jdbcType=INTEGER},
      </if>
      <if test="content != null">
        content = #{content,jdbcType=VARCHAR},
      </if>
      <if test="createAt != null">
        create_at = #{createAt,jdbcType=VARCHAR},
      </if>
    </set>
    where id = #{id,jdbcType=INTEGER}
  </update>
  <update id="updateByPrimaryKey" parameterType="com.atguigu.crud.bean.Comments">
    update comments
    set user_id = #{userId,jdbcType=INTEGER},
      goods_id = #{goodsId,jdbcType=INTEGER},
      content = #{content,jdbcType=VARCHAR},
      create_at = #{createAt,jdbcType=VARCHAR}
    where id = #{id,jdbcType=INTEGER}
  </update>
</mapper>