<?xml version="1.0" encoding="UTF-8"?>
<!DOCTYPE mapper PUBLIC "-//mybatis.org//DTD Mapper 3.0//EN" "http://mybatis.org/dtd/mybatis-3-mapper.dtd">
<mapper namespace="com.atguigu.crud.dao.FocusMapper">
  <resultMap id="BaseResultMap" type="com.atguigu.crud.bean.Focus">
    <id column="id" jdbcType="INTEGER" property="id" />
    <result column="goods_id" jdbcType="INTEGER" property="goodsId" />
    <result column="user_id" jdbcType="INTEGER" property="userId" />
  </resultMap>
  <resultMap id="WithXXResultMap" type="com.atguigu.crud.bean.Focus">
    <id column="id" jdbcType="INTEGER" property="id" />
    <result column="goods_id" jdbcType="INTEGER" property="goodsId" />
    <result column="user_id" jdbcType="INTEGER" property="userId" />
    <association property="user" javaType="com.atguigu.crud.bean.User">
    	<id column="user_id" property="id"/>
    	<result column="phone" jdbcType="CHAR" property="phone" />
	    <result column="username" jdbcType="VARCHAR" property="username" />
	    <result column="password" jdbcType="CHAR" property="password" />
	    <result column="QQ" jdbcType="VARCHAR" property="qq" />
	    <result column="create_at" jdbcType="VARCHAR" property="createAt" />
	    <result column="goods_num" jdbcType="INTEGER" property="goodsNum" />
	    <result column="power" jdbcType="INTEGER" property="power" />
	    <result column="last_login" jdbcType="VARCHAR" property="lastLogin" />
	    <result column="status" jdbcType="INTEGER" property="status" />
	</association>
    <association property="goods" javaType="com.atguigu.crud.bean.Goods">
    	<id column="id" jdbcType="INTEGER" property="id" />
	    <result column="catelog_id" jdbcType="INTEGER" property="catelogId" />
	    <result column="user_id" jdbcType="INTEGER" property="userId" />
	    <result column="good_name" jdbcType="VARCHAR" property="goodName" />
	    <result column="price" jdbcType="REAL" property="price" />
	    <result column="real_price" jdbcType="REAL" property="realPrice" />
	    <result column="start_time" jdbcType="VARCHAR" property="startTime" />
	    <result column="polish_time" jdbcType="VARCHAR" property="polishTime" />
	    <result column="end_time" jdbcType="VARCHAR" property="endTime" />
	    <result column="describle" jdbcType="VARCHAR" property="describle" />
	    <result column="status" jdbcType="INTEGER" property="status" />
	    <result column="img_url1" jdbcType="VARCHAR" property="imgUrl1" />
	    <result column="img_url2" jdbcType="VARCHAR" property="imgUrl2" />
	    <result column="img_url3" jdbcType="VARCHAR" property="imgUrl3" />
	    <result column="img_url4" jdbcType="VARCHAR" property="imgUrl4" />
	    <result column="img_url5" jdbcType="VARCHAR" property="imgUrl5" />
	    <result column="img_url6" jdbcType="VARCHAR" property="imgUrl6" />
	    <result column="img_url7" jdbcType="VARCHAR" property="imgUrl7" />
	    <result column="img_url9" jdbcType="VARCHAR" property="imgUrl9" />
	    <result column="img_url8" jdbcType="VARCHAR" property="imgUrl8" />
    </association>
  </resultMap>
  <sql id="Example_Where_Clause">
    <where>
      <foreach collection="oredCriteria" item="criteria" separator="or">
        <if test="criteria.valid">
          <trim prefix="(" prefixOverrides="and" suffix=")">
            <foreach collection="criteria.criteria" item="criterion">
              <choose>
                <when test="criterion.noValue">
                  and ${criterion.condition}
                </when>
                <when test="criterion.singleValue">
                  and ${criterion.condition} #{criterion.value}
                </when>
                <when test="criterion.betweenValue">
                  and ${criterion.condition} #{criterion.value} and #{criterion.secondValue}
                </when>
                <when test="criterion.listValue">
                  and ${criterion.condition}
                  <foreach close=")" collection="criterion.value" item="listItem" open="(" separator=",">
                    #{listItem}
                  </foreach>
                </when>
              </choose>
            </foreach>
          </trim>
        </if>
      </foreach>
    </where>
  </sql>
  <sql id="Update_By_Example_Where_Clause">
    <where>
      <foreach collection="example.oredCriteria" item="criteria" separator="or">
        <if test="criteria.valid">
          <trim prefix="(" prefixOverrides="and" suffix=")">
            <foreach collection="criteria.criteria" item="criterion">
              <choose>
                <when test="criterion.noValue">
                  and ${criterion.condition}
                </when>
                <when test="criterion.singleValue">
                  and ${criterion.condition} #{criterion.value}
                </when>
                <when test="criterion.betweenValue">
                  and ${criterion.condition} #{criterion.value} and #{criterion.secondValue}
                </when>
                <when test="criterion.listValue">
                  and ${criterion.condition}
                  <foreach close=")" collection="criterion.value" item="listItem" open="(" separator=",">
                    #{listItem}
                  </foreach>
                </when>
              </choose>
            </foreach>
          </trim>
        </if>
      </foreach>
    </where>
  </sql>
  <sql id="Base_Column_List">
    id, goods_id, user_id
  </sql>
  <sql id="WithXX_Column_List">
  	f.id, f.goods_id, f.user_id,
  	g.id, g.catelog_id, g.user_id, g.good_name, g.price, g.real_price,g.start_time, g.polish_time, g.end_time,g.describle,g.status,
  	g.img_url1, g.img_url2, g.img_url3, g.img_url4, g.img_url5, g.img_url6, g.img_url7, g.img_url9, g.img_url8, 
  	u.id,u.phone,u.username,u.password,u.QQ,u.create_at,u.goods_num,u.power,u.last_login,u.status
  </sql>
  <!-- 查询同时带信息 -->
  <select id="selectByExampleWithXX" resultMap="WithXXResultMap">
	   select
	    <if test="distinct">
	      distinct
	    </if>
	    <include refid="WithXX_Column_List" />
		FROM focus f
		left join  goods g on (f.`goods_id`=g.`id`)
		left join  `user` u on (f.`user_id`=u.`id`)
	    <if test="_parameter != null">
	      <include refid="Example_Where_Clause" />
	    </if>
	    <if test="orderByClause != null">
	      order by ${orderByClause}
	    </if>
  </select>
  <select id="selectByPrimaryKeyWithXX" resultMap="WithXXResultMap">
   	select 
    <include refid="WithXX_Column_List" />
    FROM focus f
		left join  goods g on (f.`goods_id`=g.`id`)
		left join  `user` u on (f.`user_id`=u.`id`)
		where f.id = #{id,jdbcType=INTEGER}
  </select>
  <!-- 查询不带信息 -->
  <select id="selectByExample" parameterType="com.atguigu.crud.bean.FocusExample" resultMap="BaseResultMap">
    select
    <if test="distinct">
      distinct
    </if>
    <include refid="Base_Column_List" />
    from focus
    <if test="_parameter != null">
      <include refid="Example_Where_Clause" />
    </if>
    <if test="orderByClause != null">
      order by ${orderByClause}
    </if>
  </select>
  <select id="selectByPrimaryKey" parameterType="java.lang.Integer" resultMap="BaseResultMap">
    select 
    <include refid="Base_Column_List" />
    from focus
    where id = #{id,jdbcType=INTEGER}
  </select>
  <delete id="deleteByPrimaryKey" parameterType="java.lang.Integer">
    delete from focus
    where id = #{id,jdbcType=INTEGER}
  </delete>
  <delete id="deleteByExample" parameterType="com.atguigu.crud.bean.FocusExample">
    delete from focus
    <if test="_parameter != null">
      <include refid="Example_Where_Clause" />
    </if>
  </delete>
  <insert id="insert" parameterType="com.atguigu.crud.bean.Focus">
    insert into focus (id, goods_id, user_id
      )
    values (#{id,jdbcType=INTEGER}, #{goodsId,jdbcType=INTEGER}, #{userId,jdbcType=INTEGER}
      )
  </insert>
  <insert id="insertSelective" parameterType="com.atguigu.crud.bean.Focus">
    insert into focus
    <trim prefix="(" suffix=")" suffixOverrides=",">
      <if test="id != null">
        id,
      </if>
      <if test="goodsId != null">
        goods_id,
      </if>
      <if test="userId != null">
        user_id,
      </if>
    </trim>
    <trim prefix="values (" suffix=")" suffixOverrides=",">
      <if test="id != null">
        #{id,jdbcType=INTEGER},
      </if>
      <if test="goodsId != null">
        #{goodsId,jdbcType=INTEGER},
      </if>
      <if test="userId != null">
        #{userId,jdbcType=INTEGER},
      </if>
    </trim>
  </insert>
  <select id="countByExample" parameterType="com.atguigu.crud.bean.FocusExample" resultType="java.lang.Long">
    select count(*) from focus
    <if test="_parameter != null">
      <include refid="Example_Where_Clause" />
    </if>
  </select>
  <update id="updateByExampleSelective" parameterType="map">
    update focus
    <set>
      <if test="record.id != null">
        id = #{record.id,jdbcType=INTEGER},
      </if>
      <if test="record.goodsId != null">
        goods_id = #{record.goodsId,jdbcType=INTEGER},
      </if>
      <if test="record.userId != null">
        user_id = #{record.userId,jdbcType=INTEGER},
      </if>
    </set>
    <if test="_parameter != null">
      <include refid="Update_By_Example_Where_Clause" />
    </if>
  </update>
  <update id="updateByExample" parameterType="map">
    update focus
    set id = #{record.id,jdbcType=INTEGER},
      goods_id = #{record.goodsId,jdbcType=INTEGER},
      user_id = #{record.userId,jdbcType=INTEGER}
    <if test="_parameter != null">
      <include refid="Update_By_Example_Where_Clause" />
    </if>
  </update>
  <update id="updateByPrimaryKeySelective" parameterType="com.atguigu.crud.bean.Focus">
    update focus
    <set>
      <if test="goodsId != null">
        goods_id = #{goodsId,jdbcType=INTEGER},
      </if>
      <if test="userId != null">
        user_id = #{userId,jdbcType=INTEGER},
      </if>
    </set>
    where id = #{id,jdbcType=INTEGER}
  </update>
  <update id="updateByPrimaryKey" parameterType="com.atguigu.crud.bean.Focus">
    update focus
    set goods_id = #{goodsId,jdbcType=INTEGER},
      user_id = #{userId,jdbcType=INTEGER}
    where id = #{id,jdbcType=INTEGER}
  </update>
</mapper>