<?xml version="1.0" encoding="UTF-8"?>
<!DOCTYPE mapper PUBLIC "-//mybatis.org//DTD Mapper 3.0//EN" "http://mybatis.org/dtd/mybatis-3-mapper.dtd">
<mapper namespace="com.atguigu.crud.dao.GoodsMapper">
  <resultMap id="BaseResultMap" type="com.atguigu.crud.bean.Goods">
    <id column="id" jdbcType="INTEGER" property="id" />
    <result column="catelog_id" jdbcType="INTEGER" property="catelogId" />
    <result column="user_id" jdbcType="INTEGER" property="userId" />
    <result column="good_name" jdbcType="VARCHAR" property="goodName" />
    <result column="price" jdbcType="REAL" property="price" />
    <result column="real_price" jdbcType="REAL" property="realPrice" />
    <result column="start_time" jdbcType="VARCHAR" property="startTime" />
    <result column="polish_time" jdbcType="VARCHAR" property="polishTime" />
    <result column="end_time" jdbcType="VARCHAR" property="endTime" />
    <result column="describle" jdbcType="VARCHAR" property="describle" />
    <result column="status" jdbcType="INTEGER" property="status" />
    <result column="img_url1" jdbcType="VARCHAR" property="imgUrl1" />
    <result column="img_url2" jdbcType="VARCHAR" property="imgUrl2" />
    <result column="img_url3" jdbcType="VARCHAR" property="imgUrl3" />
    <result column="img_url4" jdbcType="VARCHAR" property="imgUrl4" />
    <result column="img_url5" jdbcType="VARCHAR" property="imgUrl5" />
    <result column="img_url6" jdbcType="VARCHAR" property="imgUrl6" />
    <result column="img_url7" jdbcType="VARCHAR" property="imgUrl7" />
    <result column="img_url9" jdbcType="VARCHAR" property="imgUrl9" />
    <result column="img_url8" jdbcType="VARCHAR" property="imgUrl8" />
  </resultMap>
  <resultMap id="WithXXResultMap" type="com.atguigu.crud.bean.Goods">
    <id column="id" jdbcType="INTEGER" property="id" />
    <result column="catelog_id" jdbcType="INTEGER" property="catelogId" />
    <result column="user_id" jdbcType="INTEGER" property="userId" />
    <result column="good_name" jdbcType="VARCHAR" property="goodName" />
    <result column="price" jdbcType="REAL" property="price" />
    <result column="real_price" jdbcType="REAL" property="realPrice" />
    <result column="start_time" jdbcType="VARCHAR" property="startTime" />
    <result column="polish_time" jdbcType="VARCHAR" property="polishTime" />
    <result column="end_time" jdbcType="VARCHAR" property="endTime" />
    <result column="describle" jdbcType="VARCHAR" property="describle" />
    <result column="status" jdbcType="INTEGER" property="status" />
    <result column="img_url1" jdbcType="VARCHAR" property="imgUrl1" />
    <result column="img_url2" jdbcType="VARCHAR" property="imgUrl2" />
    <result column="img_url3" jdbcType="VARCHAR" property="imgUrl3" />
    <result column="img_url4" jdbcType="VARCHAR" property="imgUrl4" />
    <result column="img_url5" jdbcType="VARCHAR" property="imgUrl5" />
    <result column="img_url6" jdbcType="VARCHAR" property="imgUrl6" />
    <result column="img_url7" jdbcType="VARCHAR" property="imgUrl7" />
    <result column="img_url9" jdbcType="VARCHAR" property="imgUrl9" />
    <result column="img_url8" jdbcType="VARCHAR" property="imgUrl8" />
    <association property="catelog" javaType="com.atguigu.crud.bean.Catelog">
    	<id column="catelog_id" property="id"/>
    	<result column="name"  property="name" />
	    <result column="number"  property="number" />
	    <result column="status"  property="status" />
    </association>
    <association property="user" javaType="com.atguigu.crud.bean.User">
    	<id column="user_id" property="id"/>
    	<result column="phone" jdbcType="CHAR" property="phone" />
	    <result column="username"  property="username" />
	    <result column="password"  property="password" />
	    <result column="QQ"  property="qq" />
	    <result column="create_at"  property="createAt" />
	    <result column="goods_num"  property="goodsNum" />
	    <result column="power"  property="power" />
	    <result column="last_login"  property="lastLogin" />
	    <result column="status"  property="status" />
    </association>
  </resultMap>
  <sql id="Example_Where_Clause">
    <where>
      <foreach collection="oredCriteria" item="criteria" separator="or">
        <if test="criteria.valid">
          <trim prefix="(" prefixOverrides="and" suffix=")">
            <foreach collection="criteria.criteria" item="criterion">
              <choose>
                <when test="criterion.noValue">
                  and ${criterion.condition}
                </when>
                <when test="criterion.singleValue">
                  and ${criterion.condition} #{criterion.value}
                </when>
                <when test="criterion.betweenValue">
                  and ${criterion.condition} #{criterion.value} and #{criterion.secondValue}
                </when>
                <when test="criterion.listValue">
                  and ${criterion.condition}
                  <foreach close=")" collection="criterion.value" item="listItem" open="(" separator=",">
                    #{listItem}
                  </foreach>
                </when>
              </choose>
            </foreach>
          </trim>
        </if>
      </foreach>
    </where>
  </sql>
  <sql id="Update_By_Example_Where_Clause">
    <where>
      <foreach collection="example.oredCriteria" item="criteria" separator="or">
        <if test="criteria.valid">
          <trim prefix="(" prefixOverrides="and" suffix=")">
            <foreach collection="criteria.criteria" item="criterion">
              <choose>
                <when test="criterion.noValue">
                  and ${criterion.condition}
                </when>
                <when test="criterion.singleValue">
                  and ${criterion.condition} #{criterion.value}
                </when>
                <when test="criterion.betweenValue">
                  and ${criterion.condition} #{criterion.value} and #{criterion.secondValue}
                </when>
                <when test="criterion.listValue">
                  and ${criterion.condition}
                  <foreach close=")" collection="criterion.value" item="listItem" open="(" separator=",">
                    #{listItem}
                  </foreach>
                </when>
              </choose>
            </foreach>
          </trim>
        </if>
      </foreach>
    </where>
  </sql>
  <sql id="Base_Column_List">
    id, catelog_id, user_id, good_name, price, real_price, start_time, polish_time, end_time, 
    describle, status, img_url1, img_url2, img_url3, img_url4, img_url5, img_url6, img_url7, 
    img_url9, img_url8
  </sql>
  <sql id="WithXX_Column_List">
  	g.id, g.catelog_id, g.user_id, g.good_name, g.price, g.real_price,g.start_time, g.polish_time, g.end_time,g.describle,g.status,
  	g.img_url1, g.img_url2, g.img_url3, g.img_url4, g.img_url5, g.img_url6, g.img_url7, g.img_url9, g.img_url8,
    u.id, u.phone, u.username, u.password, u.QQ, u.create_at, u.goods_num, u.power, u.last_login, u.status,
    c.id, c.name, c.number, c.status
  </sql>
  <!-- 查询同时带信息 -->
  <select id="selectByExampleWithXX" resultMap="WithXXResultMap">
	   select
	    <if test="distinct">
	      distinct
	    </if>
	    <include refid="WithXX_Column_List" />
		 FROM goods g
		left join  catelog c on (g.`catelog_id`=c.`id`)
		left join  `user` u on (g.`user_id`=u.`id`)
	    <if test="_parameter != null">
	      <include refid="Example_Where_Clause" />
	    </if>
	    <if test="orderByClause != null">
	      order by ${orderByClause}
	    </if>
  </select>
  <select id="selectByPrimaryKeyWithXX" resultMap="WithXXResultMap">
   	select 
    <include refid="WithXX_Column_List" />
   FROM goods g
		left join  catelog c on (g.`catelog_id`=c.`id`)
		left join  `user` u on (g.`user_id`=u.`id`)
    where g.id = #{id,jdbcType=INTEGER}
  </select>
  <!-- 搜索框 模糊查询 -->
  <select id="selectquery"  parameterType="com.atguigu.crud.bean.GoodsExample" resultMap="BaseResultMap">
		<!-- select good_name from goods where good_name like '%${_parameter}%' -->
		select * from goods where good_name like concat('%',#{param1},'%')
	</select>	
  <!-- 查询不带外键信息 -->
  <select id="selectByExample" parameterType="com.atguigu.crud.bean.GoodsExample" resultMap="BaseResultMap">
    select
    <if test="distinct">
      distinct
    </if>
    <include refid="Base_Column_List" />
    from goods
    <if test="_parameter != null">
      <include refid="Example_Where_Clause" />
    </if>
    <if test="orderByClause != null">
      order by ${orderByClause}
    </if>
  </select>
  <select id="selectByPrimaryKey" parameterType="java.lang.Integer" resultMap="BaseResultMap">
    select 
    <include refid="Base_Column_List" />
    from goods
    where id = #{id,jdbcType=INTEGER}
  </select>
  <delete id="deleteByPrimaryKey" parameterType="java.lang.Integer">
    delete from goods
    where id = #{id,jdbcType=INTEGER}
  </delete>
  <delete id="deleteByExample" parameterType="com.atguigu.crud.bean.GoodsExample">
    delete from goods
    <if test="_parameter != null">
      <include refid="Example_Where_Clause" />
    </if>
  </delete>
  <insert id="insert" parameterType="com.atguigu.crud.bean.Goods">
    insert into goods (id, catelog_id, user_id, 
      good_name, price, real_price, 
      start_time, polish_time, end_time, 
      describle, status, img_url1, 
      img_url2, img_url3, img_url4, 
      img_url5, img_url6, img_url7, 
      img_url9, img_url8)
    values (#{id,jdbcType=INTEGER}, #{catelogId,jdbcType=INTEGER}, #{userId,jdbcType=INTEGER}, 
      #{goodName,jdbcType=VARCHAR}, #{price,jdbcType=REAL}, #{realPrice,jdbcType=REAL}, 
      #{startTime,jdbcType=VARCHAR}, #{polishTime,jdbcType=VARCHAR}, #{endTime,jdbcType=VARCHAR}, 
      #{describle,jdbcType=VARCHAR}, #{status,jdbcType=INTEGER}, #{imgUrl1,jdbcType=VARCHAR}, 
      #{imgUrl2,jdbcType=VARCHAR}, #{imgUrl3,jdbcType=VARCHAR}, #{imgUrl4,jdbcType=VARCHAR}, 
      #{imgUrl5,jdbcType=VARCHAR}, #{imgUrl6,jdbcType=VARCHAR}, #{imgUrl7,jdbcType=VARCHAR}, 
      #{imgUrl9,jdbcType=VARCHAR}, #{imgUrl8,jdbcType=VARCHAR})
  </insert>
  <insert id="insertSelective" parameterType="com.atguigu.crud.bean.Goods">
    insert into goods
    <trim prefix="(" suffix=")" suffixOverrides=",">
      <if test="id != null">id,</if>
      <if test="catelogId != null">catelog_id,</if>
      <if test="userId != null">user_id,</if>
      <if test="goodName != null">good_name,</if>
      <if test="price != null">price,</if>
      <if test="realPrice != null">real_price,</if>
      <if test="startTime != null">start_time,</if>
      <if test="polishTime != null">polish_time,</if>
      <if test="endTime != null">end_time,</if>
      <if test="describle != null">describle,</if>
      <if test="status != null">status,</if>
      <if test="imgUrl1 != null">img_url1,</if>
      <if test="imgUrl2 != null">img_url2,</if>
      <if test="imgUrl3 != null">img_url3,</if>
      <if test="imgUrl4 != null">img_url4,</if>
      <if test="imgUrl5 != null">img_url5,</if>
      <if test="imgUrl6 != null">img_url6,</if>
      <if test="imgUrl7 != null">img_url7,</if>
      <if test="imgUrl9 != null">img_url9,</if>
      <if test="imgUrl8 != null">img_url8,</if>
    </trim>
    <trim prefix="values (" suffix=")" suffixOverrides=",">
      <if test="id != null">
        #{id,jdbcType=INTEGER},
      </if>
      <if test="catelogId != null">
        #{catelogId,jdbcType=INTEGER},
      </if>
      <if test="userId != null">
        #{userId,jdbcType=INTEGER},
      </if>
      <if test="goodName != null">
        #{goodName,jdbcType=VARCHAR},
      </if>
      <if test="price != null">
        #{price,jdbcType=REAL},
      </if>
      <if test="realPrice != null">
        #{realPrice,jdbcType=REAL},
      </if>
      <if test="startTime != null">
        #{startTime,jdbcType=VARCHAR},
      </if>
      <if test="polishTime != null">
        #{polishTime,jdbcType=VARCHAR},
      </if>
      <if test="endTime != null">
        #{endTime,jdbcType=VARCHAR},
      </if>
      <if test="describle != null">
        #{describle,jdbcType=VARCHAR},
      </if>
      <if test="status != null">
        #{status,jdbcType=INTEGER},
      </if>
      <if test="imgUrl1 != null">
        #{imgUrl1,jdbcType=VARCHAR},
      </if>
      <if test="imgUrl2 != null">
        #{imgUrl2,jdbcType=VARCHAR},
      </if>
      <if test="imgUrl3 != null">
        #{imgUrl3,jdbcType=VARCHAR},
      </if>
      <if test="imgUrl4 != null">
        #{imgUrl4,jdbcType=VARCHAR},
      </if>
      <if test="imgUrl5 != null">
        #{imgUrl5,jdbcType=VARCHAR},
      </if>
      <if test="imgUrl6 != null">
        #{imgUrl6,jdbcType=VARCHAR},
      </if>
      <if test="imgUrl7 != null">
        #{imgUrl7,jdbcType=VARCHAR},
      </if>
      <if test="imgUrl9 != null">
        #{imgUrl9,jdbcType=VARCHAR},
      </if>
      <if test="imgUrl8 != null">
        #{imgUrl8,jdbcType=VARCHAR},
      </if>
    </trim>
  </insert>
  <select id="countByExample" parameterType="com.atguigu.crud.bean.GoodsExample" resultType="java.lang.Long">
    select count(*) from goods
    <if test="_parameter != null">
      <include refid="Example_Where_Clause" />
    </if>
  </select>
  <update id="updateByExampleSelective" parameterType="map">
    update goods
    <set>
      <if test="record.id != null">
        id = #{record.id,jdbcType=INTEGER},
      </if>
      <if test="record.catelogId != null">
        catelog_id = #{record.catelogId,jdbcType=INTEGER},
      </if>
      <if test="record.userId != null">
        user_id = #{record.userId,jdbcType=INTEGER},
      </if>
      <if test="record.goodName != null">
        good_name = #{record.goodName,jdbcType=VARCHAR},
      </if>
      <if test="record.price != null">
        price = #{record.price,jdbcType=REAL},
      </if>
      <if test="record.realPrice != null">
        real_price = #{record.realPrice,jdbcType=REAL},
      </if>
      <if test="record.startTime != null">
        start_time = #{record.startTime,jdbcType=VARCHAR},
      </if>
      <if test="record.polishTime != null">
        polish_time = #{record.polishTime,jdbcType=VARCHAR},
      </if>
      <if test="record.endTime != null">
        end_time = #{record.endTime,jdbcType=VARCHAR},
      </if>
      <if test="record.describle != null">
        describle = #{record.describle,jdbcType=VARCHAR},
      </if>
      <if test="record.status != null">
        status = #{record.status,jdbcType=INTEGER},
      </if>
      <if test="record.imgUrl1 != null">
        img_url1 = #{record.imgUrl1,jdbcType=VARCHAR},
      </if>
      <if test="record.imgUrl2 != null">
        img_url2 = #{record.imgUrl2,jdbcType=VARCHAR},
      </if>
      <if test="record.imgUrl3 != null">
        img_url3 = #{record.imgUrl3,jdbcType=VARCHAR},
      </if>
      <if test="record.imgUrl4 != null">
        img_url4 = #{record.imgUrl4,jdbcType=VARCHAR},
      </if>
      <if test="record.imgUrl5 != null">
        img_url5 = #{record.imgUrl5,jdbcType=VARCHAR},
      </if>
      <if test="record.imgUrl6 != null">
        img_url6 = #{record.imgUrl6,jdbcType=VARCHAR},
      </if>
      <if test="record.imgUrl7 != null">
        img_url7 = #{record.imgUrl7,jdbcType=VARCHAR},
      </if>
      <if test="record.imgUrl9 != null">
        img_url9 = #{record.imgUrl9,jdbcType=VARCHAR},
      </if>
      <if test="record.imgUrl8 != null">
        img_url8 = #{record.imgUrl8,jdbcType=VARCHAR},
      </if>
    </set>
    <if test="_parameter != null">
      <include refid="Update_By_Example_Where_Clause" />
    </if>
  </update>
  <update id="updateByExample" parameterType="map">
    update goods
    set id = #{record.id,jdbcType=INTEGER},
      catelog_id = #{record.catelogId,jdbcType=INTEGER},
      user_id = #{record.userId,jdbcType=INTEGER},
      good_name = #{record.goodName,jdbcType=VARCHAR},
      price = #{record.price,jdbcType=REAL},
      real_price = #{record.realPrice,jdbcType=REAL},
      start_time = #{record.startTime,jdbcType=VARCHAR},
      polish_time = #{record.polishTime,jdbcType=VARCHAR},
      end_time = #{record.endTime,jdbcType=VARCHAR},
      describle = #{record.describle,jdbcType=VARCHAR},
      status = #{record.status,jdbcType=INTEGER},
      img_url1 = #{record.imgUrl1,jdbcType=VARCHAR},
      img_url2 = #{record.imgUrl2,jdbcType=VARCHAR},
      img_url3 = #{record.imgUrl3,jdbcType=VARCHAR},
      img_url4 = #{record.imgUrl4,jdbcType=VARCHAR},
      img_url5 = #{record.imgUrl5,jdbcType=VARCHAR},
      img_url6 = #{record.imgUrl6,jdbcType=VARCHAR},
      img_url7 = #{record.imgUrl7,jdbcType=VARCHAR},
      img_url9 = #{record.imgUrl9,jdbcType=VARCHAR},
      img_url8 = #{record.imgUrl8,jdbcType=VARCHAR}
    <if test="_parameter != null">
      <include refid="Update_By_Example_Where_Clause" />
    </if>
  </update>
  <update id="updateByPrimaryKeySelective" parameterType="com.atguigu.crud.bean.Goods">
    update goods
    <set>
      <if test="catelogId != null">
        catelog_id = #{catelogId,jdbcType=INTEGER},
      </if>
      <if test="userId != null">
        user_id = #{userId,jdbcType=INTEGER},
      </if>
      <if test="goodName != null">
        good_name = #{goodName,jdbcType=VARCHAR},
      </if>
      <if test="price != null">
        price = #{price,jdbcType=REAL},
      </if>
      <if test="realPrice != null">
        real_price = #{realPrice,jdbcType=REAL},
      </if>
      <if test="startTime != null">
        start_time = #{startTime,jdbcType=VARCHAR},
      </if>
      <if test="polishTime != null">
        polish_time = #{polishTime,jdbcType=VARCHAR},
      </if>
      <if test="endTime != null">
        end_time = #{endTime,jdbcType=VARCHAR},
      </if>
      <if test="describle != null">
        describle = #{describle,jdbcType=VARCHAR},
      </if>
      <if test="status != null">
        status = #{status,jdbcType=INTEGER},
      </if>
      <if test="imgUrl1 != null">
        img_url1 = #{imgUrl1,jdbcType=VARCHAR},
      </if>
      <if test="imgUrl2 != null">
        img_url2 = #{imgUrl2,jdbcType=VARCHAR},
      </if>
      <if test="imgUrl3 != null">
        img_url3 = #{imgUrl3,jdbcType=VARCHAR},
      </if>
      <if test="imgUrl4 != null">
        img_url4 = #{imgUrl4,jdbcType=VARCHAR},
      </if>
      <if test="imgUrl5 != null">
        img_url5 = #{imgUrl5,jdbcType=VARCHAR},
      </if>
      <if test="imgUrl6 != null">
        img_url6 = #{imgUrl6,jdbcType=VARCHAR},
      </if>
      <if test="imgUrl7 != null">
        img_url7 = #{imgUrl7,jdbcType=VARCHAR},
      </if>
      <if test="imgUrl9 != null">
        img_url9 = #{imgUrl9,jdbcType=VARCHAR},
      </if>
      <if test="imgUrl8 != null">
        img_url8 = #{imgUrl8,jdbcType=VARCHAR},
      </if>
    </set>
    where id = #{id,jdbcType=INTEGER}
  </update>
  <update id="updateByPrimaryKey" parameterType="com.atguigu.crud.bean.Goods">
    update goods
    set catelog_id = #{catelogId,jdbcType=INTEGER},
      user_id = #{userId,jdbcType=INTEGER},
      good_name = #{goodName,jdbcType=VARCHAR},
      price = #{price,jdbcType=REAL},
      real_price = #{realPrice,jdbcType=REAL},
      start_time = #{startTime,jdbcType=VARCHAR},
      polish_time = #{polishTime,jdbcType=VARCHAR},
      end_time = #{endTime,jdbcType=VARCHAR},
      describle = #{describle,jdbcType=VARCHAR},
      status = #{status,jdbcType=INTEGER},
      img_url1 = #{imgUrl1,jdbcType=VARCHAR},
      img_url2 = #{imgUrl2,jdbcType=VARCHAR},
      img_url3 = #{imgUrl3,jdbcType=VARCHAR},
      img_url4 = #{imgUrl4,jdbcType=VARCHAR},
      img_url5 = #{imgUrl5,jdbcType=VARCHAR},
      img_url6 = #{imgUrl6,jdbcType=VARCHAR},
      img_url7 = #{imgUrl7,jdbcType=VARCHAR},
      img_url9 = #{imgUrl9,jdbcType=VARCHAR},
      img_url8 = #{imgUrl8,jdbcType=VARCHAR}
    where id = #{id,jdbcType=INTEGER}
  </update>
  
  <select id="listByObjGoods"  resultMap="WithXXResultMap">
		select 
		 <include refid="WithXX_Column_List" />
		 FROM goods g
		left join  catelog c on (g.`catelog_id`=c.`id`)
		left join  `user` u on (g.`user_id`=u.`id`)
		<where>
			
			<if test="id != null and id !=''">
				and id like '%${id}%'
			</if>
			<if test="catelogId != null and catelogId !=''">
				and catelog_id like '%${catelog_id}%'
			</if>
			<if test="userId != null and userId !=''">
				and user_id like '%${user_id}%'
			</if>
			<if test="goodName != null and goodName != ''">
				and good_name like '%${good_name}%'
			</if>
			<if test="realPrice != null and realPrice !=''">
				and real_price like '%${real_price}%'
			</if>
			
			<if test="status != null and status != ''">
				and status like '%${status}%'
			</if>
			<if test="describle != null and describle != ''">
				and describle like '%${describle}%'
			</if>
		</where>
	</select>
</mapper>