<?xml version="1.0" encoding="UTF-8"?>
<!DOCTYPE mapper PUBLIC "-//mybatis.org//DTD Mapper 3.0//EN" "http://mybatis.org/dtd/mybatis-3-mapper.dtd">
<mapper namespace="com.atguigu.crud.dao.ImageMapper">
  <resultMap id="BaseResultMap" type="com.atguigu.crud.bean.Image">
    <id column="id" jdbcType="INTEGER" property="id" />
    <result column="goods_id" jdbcType="INTEGER" property="goodsId" />
    <result column="img_url" jdbcType="VARCHAR" property="imgUrl" />
    <result column="img_url1" jdbcType="VARCHAR" property="imgUrl1" />
    <result column="img_url2" jdbcType="VARCHAR" property="imgUrl2" />
    <result column="img_url3" jdbcType="VARCHAR" property="imgUrl3" />
    <result column="img_url4" jdbcType="VARCHAR" property="imgUrl4" />
    <result column="img_url5" jdbcType="VARCHAR" property="imgUrl5" />
    <result column="img_url6" jdbcType="VARCHAR" property="imgUrl6" />
    <result column="img_url7" jdbcType="VARCHAR" property="imgUrl7" />
    <result column="img_url8" jdbcType="VARCHAR" property="imgUrl8" />
  </resultMap>
  <sql id="Example_Where_Clause">
    <where>
      <foreach collection="oredCriteria" item="criteria" separator="or">
        <if test="criteria.valid">
          <trim prefix="(" prefixOverrides="and" suffix=")">
            <foreach collection="criteria.criteria" item="criterion">
              <choose>
                <when test="criterion.noValue">
                  and ${criterion.condition}
                </when>
                <when test="criterion.singleValue">
                  and ${criterion.condition} #{criterion.value}
                </when>
                <when test="criterion.betweenValue">
                  and ${criterion.condition} #{criterion.value} and #{criterion.secondValue}
                </when>
                <when test="criterion.listValue">
                  and ${criterion.condition}
                  <foreach close=")" collection="criterion.value" item="listItem" open="(" separator=",">
                    #{listItem}
                  </foreach>
                </when>
              </choose>
            </foreach>
          </trim>
        </if>
      </foreach>
    </where>
  </sql>
  <sql id="Update_By_Example_Where_Clause">
    <where>
      <foreach collection="example.oredCriteria" item="criteria" separator="or">
        <if test="criteria.valid">
          <trim prefix="(" prefixOverrides="and" suffix=")">
            <foreach collection="criteria.criteria" item="criterion">
              <choose>
                <when test="criterion.noValue">
                  and ${criterion.condition}
                </when>
                <when test="criterion.singleValue">
                  and ${criterion.condition} #{criterion.value}
                </when>
                <when test="criterion.betweenValue">
                  and ${criterion.condition} #{criterion.value} and #{criterion.secondValue}
                </when>
                <when test="criterion.listValue">
                  and ${criterion.condition}
                  <foreach close=")" collection="criterion.value" item="listItem" open="(" separator=",">
                    #{listItem}
                  </foreach>
                </when>
              </choose>
            </foreach>
          </trim>
        </if>
      </foreach>
    </where>
  </sql>
  <sql id="Base_Column_List">
    id, goods_id, img_url, img_url1, img_url2, img_url3, img_url4, img_url5, img_url6, 
    img_url7, img_url8
  </sql>
  <select id="selectByExample" parameterType="com.atguigu.crud.bean.ImageExample" resultMap="BaseResultMap">
    select
    <if test="distinct">
      distinct
    </if>
    <include refid="Base_Column_List" />
    from image
    <if test="_parameter != null">
      <include refid="Example_Where_Clause" />
    </if>
    <if test="orderByClause != null">
      order by ${orderByClause}
    </if>
  </select>
  <select id="selectByPrimaryKey" parameterType="java.lang.Integer" resultMap="BaseResultMap">
    select 
    <include refid="Base_Column_List" />
    from image
    where id = #{id,jdbcType=INTEGER}
  </select>
  <delete id="deleteByPrimaryKey" parameterType="java.lang.Integer">
    delete from image
    where id = #{id,jdbcType=INTEGER}
  </delete>
  <delete id="deleteByExample" parameterType="com.atguigu.crud.bean.ImageExample">
    delete from image
    <if test="_parameter != null">
      <include refid="Example_Where_Clause" />
    </if>
  </delete>
  <insert id="insert" parameterType="com.atguigu.crud.bean.Image">
    insert into image (id, goods_id, img_url, 
      img_url1, img_url2, img_url3, 
      img_url4, img_url5, img_url6, 
      img_url7, img_url8)
    values (#{id,jdbcType=INTEGER}, #{goodsId,jdbcType=INTEGER}, #{imgUrl,jdbcType=VARCHAR}, 
      #{imgUrl1,jdbcType=VARCHAR}, #{imgUrl2,jdbcType=VARCHAR}, #{imgUrl3,jdbcType=VARCHAR}, 
      #{imgUrl4,jdbcType=VARCHAR}, #{imgUrl5,jdbcType=VARCHAR}, #{imgUrl6,jdbcType=VARCHAR}, 
      #{imgUrl7,jdbcType=VARCHAR}, #{imgUrl8,jdbcType=VARCHAR})
  </insert>
  <insert id="insertSelective" parameterType="com.atguigu.crud.bean.Image">
    insert into image
    <trim prefix="(" suffix=")" suffixOverrides=",">
      <if test="id != null">
        id,
      </if>
      <if test="goodsId != null">
        goods_id,
      </if>
      <if test="imgUrl != null">
        img_url,
      </if>
      <if test="imgUrl1 != null">
        img_url1,
      </if>
      <if test="imgUrl2 != null">
        img_url2,
      </if>
      <if test="imgUrl3 != null">
        img_url3,
      </if>
      <if test="imgUrl4 != null">
        img_url4,
      </if>
      <if test="imgUrl5 != null">
        img_url5,
      </if>
      <if test="imgUrl6 != null">
        img_url6,
      </if>
      <if test="imgUrl7 != null">
        img_url7,
      </if>
      <if test="imgUrl8 != null">
        img_url8,
      </if>
    </trim>
    <trim prefix="values (" suffix=")" suffixOverrides=",">
      <if test="id != null">
        #{id,jdbcType=INTEGER},
      </if>
      <if test="goodsId != null">
        #{goodsId,jdbcType=INTEGER},
      </if>
      <if test="imgUrl != null">
        #{imgUrl,jdbcType=VARCHAR},
      </if>
      <if test="imgUrl1 != null">
        #{imgUrl1,jdbcType=VARCHAR},
      </if>
      <if test="imgUrl2 != null">
        #{imgUrl2,jdbcType=VARCHAR},
      </if>
      <if test="imgUrl3 != null">
        #{imgUrl3,jdbcType=VARCHAR},
      </if>
      <if test="imgUrl4 != null">
        #{imgUrl4,jdbcType=VARCHAR},
      </if>
      <if test="imgUrl5 != null">
        #{imgUrl5,jdbcType=VARCHAR},
      </if>
      <if test="imgUrl6 != null">
        #{imgUrl6,jdbcType=VARCHAR},
      </if>
      <if test="imgUrl7 != null">
        #{imgUrl7,jdbcType=VARCHAR},
      </if>
      <if test="imgUrl8 != null">
        #{imgUrl8,jdbcType=VARCHAR},
      </if>
    </trim>
  </insert>
  <select id="countByExample" parameterType="com.atguigu.crud.bean.ImageExample" resultType="java.lang.Long">
    select count(*) from image
    <if test="_parameter != null">
      <include refid="Example_Where_Clause" />
    </if>
  </select>
  <update id="updateByExampleSelective" parameterType="map">
    update image
    <set>
      <if test="record.id != null">
        id = #{record.id,jdbcType=INTEGER},
      </if>
      <if test="record.goodsId != null">
        goods_id = #{record.goodsId,jdbcType=INTEGER},
      </if>
      <if test="record.imgUrl != null">
        img_url = #{record.imgUrl,jdbcType=VARCHAR},
      </if>
      <if test="record.imgUrl1 != null">
        img_url1 = #{record.imgUrl1,jdbcType=VARCHAR},
      </if>
      <if test="record.imgUrl2 != null">
        img_url2 = #{record.imgUrl2,jdbcType=VARCHAR},
      </if>
      <if test="record.imgUrl3 != null">
        img_url3 = #{record.imgUrl3,jdbcType=VARCHAR},
      </if>
      <if test="record.imgUrl4 != null">
        img_url4 = #{record.imgUrl4,jdbcType=VARCHAR},
      </if>
      <if test="record.imgUrl5 != null">
        img_url5 = #{record.imgUrl5,jdbcType=VARCHAR},
      </if>
      <if test="record.imgUrl6 != null">
        img_url6 = #{record.imgUrl6,jdbcType=VARCHAR},
      </if>
      <if test="record.imgUrl7 != null">
        img_url7 = #{record.imgUrl7,jdbcType=VARCHAR},
      </if>
      <if test="record.imgUrl8 != null">
        img_url8 = #{record.imgUrl8,jdbcType=VARCHAR},
      </if>
    </set>
    <if test="_parameter != null">
      <include refid="Update_By_Example_Where_Clause" />
    </if>
  </update>
  <update id="updateByExample" parameterType="map">
    update image
    set id = #{record.id,jdbcType=INTEGER},
      goods_id = #{record.goodsId,jdbcType=INTEGER},
      img_url = #{record.imgUrl,jdbcType=VARCHAR},
      img_url1 = #{record.imgUrl1,jdbcType=VARCHAR},
      img_url2 = #{record.imgUrl2,jdbcType=VARCHAR},
      img_url3 = #{record.imgUrl3,jdbcType=VARCHAR},
      img_url4 = #{record.imgUrl4,jdbcType=VARCHAR},
      img_url5 = #{record.imgUrl5,jdbcType=VARCHAR},
      img_url6 = #{record.imgUrl6,jdbcType=VARCHAR},
      img_url7 = #{record.imgUrl7,jdbcType=VARCHAR},
      img_url8 = #{record.imgUrl8,jdbcType=VARCHAR}
    <if test="_parameter != null">
      <include refid="Update_By_Example_Where_Clause" />
    </if>
  </update>
  <update id="updateByPrimaryKeySelective" parameterType="com.atguigu.crud.bean.Image">
    update image
    <set>
      <if test="goodsId != null">
        goods_id = #{goodsId,jdbcType=INTEGER},
      </if>
      <if test="imgUrl != null">
        img_url = #{imgUrl,jdbcType=VARCHAR},
      </if>
      <if test="imgUrl1 != null">
        img_url1 = #{imgUrl1,jdbcType=VARCHAR},
      </if>
      <if test="imgUrl2 != null">
        img_url2 = #{imgUrl2,jdbcType=VARCHAR},
      </if>
      <if test="imgUrl3 != null">
        img_url3 = #{imgUrl3,jdbcType=VARCHAR},
      </if>
      <if test="imgUrl4 != null">
        img_url4 = #{imgUrl4,jdbcType=VARCHAR},
      </if>
      <if test="imgUrl5 != null">
        img_url5 = #{imgUrl5,jdbcType=VARCHAR},
      </if>
      <if test="imgUrl6 != null">
        img_url6 = #{imgUrl6,jdbcType=VARCHAR},
      </if>
      <if test="imgUrl7 != null">
        img_url7 = #{imgUrl7,jdbcType=VARCHAR},
      </if>
      <if test="imgUrl8 != null">
        img_url8 = #{imgUrl8,jdbcType=VARCHAR},
      </if>
    </set>
    where id = #{id,jdbcType=INTEGER}
  </update>
  <update id="updateByPrimaryKey" parameterType="com.atguigu.crud.bean.Image">
    update image
    set goods_id = #{goodsId,jdbcType=INTEGER},
      img_url = #{imgUrl,jdbcType=VARCHAR},
      img_url1 = #{imgUrl1,jdbcType=VARCHAR},
      img_url2 = #{imgUrl2,jdbcType=VARCHAR},
      img_url3 = #{imgUrl3,jdbcType=VARCHAR},
      img_url4 = #{imgUrl4,jdbcType=VARCHAR},
      img_url5 = #{imgUrl5,jdbcType=VARCHAR},
      img_url6 = #{imgUrl6,jdbcType=VARCHAR},
      img_url7 = #{imgUrl7,jdbcType=VARCHAR},
      img_url8 = #{imgUrl8,jdbcType=VARCHAR}
    where id = #{id,jdbcType=INTEGER}
  </update>
</mapper>