<?xml version="1.0" encoding="UTF-8"?>
<!DOCTYPE mapper PUBLIC "-//mybatis.org//DTD Mapper 3.0//EN" "http://mybatis.org/dtd/mybatis-3-mapper.dtd">
<mapper namespace="com.atguigu.crud.dao.PurseMapper">
  <resultMap id="BaseResultMap" type="com.atguigu.crud.bean.Purse">
    <id column="id" jdbcType="INTEGER" property="id" />
    <result column="user_id" jdbcType="INTEGER" property="userId" />
    <result column="balance" jdbcType="REAL" property="balance" />
    <result column="recharge" jdbcType="REAL" property="recharge" />
    <result column="withdrawals" jdbcType="REAL" property="withdrawals" />
    <result column="state" jdbcType="INTEGER" property="state" />
  </resultMap>
  <resultMap id="WithXXResultMap" type="com.atguigu.crud.bean.Purse" >
    <id column="id" jdbcType="INTEGER" property="id" />
  	<result column="user_id" jdbcType="INTEGER" property="userId" />
    <result column="balance" jdbcType="REAL" property="balance" />
    <result column="recharge" jdbcType="REAL" property="recharge" />
    <result column="withdrawals" jdbcType="REAL" property="withdrawals" />
    <result column="state" jdbcType="INTEGER" property="state" />
    <!-- 指定联合查询出的用户字段的封装 -->
    <association property="user" javaType="com.atguigu.crud.bean.User">
    	<id column="user_id" jdbcType="INTEGER" property="id" />
	    <result column="phone" jdbcType="VARCHAR" property="phone" />
	    <result column="username" jdbcType="VARCHAR" property="username" />
	    <result column="password" jdbcType="VARCHAR" property="password" />
	    <result column="QQ" jdbcType="VARCHAR" property="qq" />
	    <result column="create_at" jdbcType="VARCHAR" property="createAt" />
	    <result column="goods_num" jdbcType="INTEGER" property="goodsNum" />
	    <result column="power" jdbcType="INTEGER" property="power" />
	    <result column="last_login" jdbcType="VARCHAR" property="lastLogin" />
	    <result column="status" jdbcType="INTEGER" property="status" />
    </association>
  </resultMap>
  <sql id="Example_Where_Clause">
    <where>
      <foreach collection="oredCriteria" item="criteria" separator="or">
        <if test="criteria.valid">
          <trim prefix="(" prefixOverrides="and" suffix=")">
            <foreach collection="criteria.criteria" item="criterion">
              <choose>
                <when test="criterion.noValue">
                  and ${criterion.condition}
                </when>
                <when test="criterion.singleValue">
                  and ${criterion.condition} #{criterion.value}
                </when>
                <when test="criterion.betweenValue">
                  and ${criterion.condition} #{criterion.value} and #{criterion.secondValue}
                </when>
                <when test="criterion.listValue">
                  and ${criterion.condition}
                  <foreach close=")" collection="criterion.value" item="listItem" open="(" separator=",">
                    #{listItem}
                  </foreach>
                </when>
              </choose>
            </foreach>
          </trim>
        </if>
      </foreach>
    </where>
  </sql>
  <sql id="Update_By_Example_Where_Clause">
    <where>
      <foreach collection="example.oredCriteria" item="criteria" separator="or">
        <if test="criteria.valid">
          <trim prefix="(" prefixOverrides="and" suffix=")">
            <foreach collection="criteria.criteria" item="criterion">
              <choose>
                <when test="criterion.noValue">
                  and ${criterion.condition}
                </when>
                <when test="criterion.singleValue">
                  and ${criterion.condition} #{criterion.value}
                </when>
                <when test="criterion.betweenValue">
                  and ${criterion.condition} #{criterion.value} and #{criterion.secondValue}
                </when>
                <when test="criterion.listValue">
                  and ${criterion.condition}
                  <foreach close=")" collection="criterion.value" item="listItem" open="(" separator=",">
                    #{listItem}
                  </foreach>
                </when>
              </choose>
            </foreach>
          </trim>
        </if>
      </foreach>
    </where>
  </sql>
  <sql id="Base_Column_List">
    id, user_id, balance, recharge, withdrawals, state
  </sql>
  <sql id="WithXX_Column_List">
  	p.id,p.user_id,p.balance, p.recharge, p.withdrawals, p.state,
  	 u.id,u.phone, u.username, u.password, u.QQ, u.create_at, u.goods_num, u.power, u.last_login, u.status
  </sql>
    <!--   List<Employee> selectByExampleWithDept(EmployeeExample example);
    Employee selectByPrimaryKeyWithDept(Integer empId); 
    -->
   <!-- 查询同时带信息 -->
  <select id="selectByExampleWithXX"  resultMap="WithXXResultMap">
    select
    <if test="distinct">
      distinct
    </if>
    <include refid="WithXX_Column_List" />
    from purse p left join user u on p.`user_id`=u.`id`
    <if test="_parameter != null">
      <include refid="Example_Where_Clause" />
    </if>
    <if test="orderByClause != null">
      order by ${orderByClause}
    </if>
  </select>
  <select id="selectByPrimaryKeyWithXX"  resultMap="WithXXResultMap">
    select 
    <include refid="Base_Column_List" />
    from purse p left join user u on p.`user_id`=u.`id`
    where p.id = #{id,jdbcType=INTEGER}
  </select>
  
  <!-- 查询不带用户信息的 -->
  <select id="selectByExample" parameterType="com.atguigu.crud.bean.PurseExample" resultMap="BaseResultMap">
    select
    <if test="distinct">
      distinct
    </if>
    <include refid="Base_Column_List" />
    from purse
    <if test="_parameter != null">
      <include refid="Example_Where_Clause" />
    </if>
    <if test="orderByClause != null">
      order by ${orderByClause}
    </if>
  </select>
  <select id="selectByPrimaryKey" parameterType="java.lang.Integer" resultMap="BaseResultMap">
    select 
    <include refid="Base_Column_List" />
    from purse
    where id = #{id,jdbcType=INTEGER}
  </select>
  <delete id="deleteByPrimaryKey" parameterType="java.lang.Integer">
    delete from purse
    where id = #{id,jdbcType=INTEGER}
  </delete>
  <delete id="deleteByExample" parameterType="com.atguigu.crud.bean.PurseExample">
    delete from purse
    <if test="_parameter != null">
      <include refid="Example_Where_Clause" />
    </if>
  </delete>
  <insert id="insert" parameterType="com.atguigu.crud.bean.Purse">
    insert into purse (id, user_id, balance, 
      recharge, withdrawals, state
      )
    values (#{id,jdbcType=INTEGER}, #{userId,jdbcType=INTEGER}, #{balance,jdbcType=REAL}, 
      #{recharge,jdbcType=REAL}, #{withdrawals,jdbcType=REAL}, #{state,jdbcType=INTEGER}
      )
  </insert>
  <insert id="insertSelective" parameterType="com.atguigu.crud.bean.Purse">
    insert into purse
    <trim prefix="(" suffix=")" suffixOverrides=",">
      <if test="id != null">
        id,
      </if>
      <if test="userId != null">
        user_id,
      </if>
      <if test="balance != null">
        balance,
      </if>
      <if test="recharge != null">
        recharge,
      </if>
      <if test="withdrawals != null">
        withdrawals,
      </if>
      <if test="state != null">
        state,
      </if>
    </trim>
    <trim prefix="values (" suffix=")" suffixOverrides=",">
      <if test="id != null">
        #{id,jdbcType=INTEGER},
      </if>
      <if test="userId != null">
        #{userId,jdbcType=INTEGER},
      </if>
      <if test="balance != null">
        #{balance,jdbcType=REAL},
      </if>
      <if test="recharge != null">
        #{recharge,jdbcType=REAL},
      </if>
      <if test="withdrawals != null">
        #{withdrawals,jdbcType=REAL},
      </if>
      <if test="state != null">
        #{state,jdbcType=INTEGER},
      </if>
    </trim>
  </insert>
  <select id="countByExample" parameterType="com.atguigu.crud.bean.PurseExample" resultType="java.lang.Long">
    select count(*) from purse
    <if test="_parameter != null">
      <include refid="Example_Where_Clause" />
    </if>
  </select>
  <update id="updateByExampleSelective" parameterType="map">
    update purse
    <set>
      <if test="record.id != null">
        id = #{record.id,jdbcType=INTEGER},
      </if>
      <if test="record.userId != null">
        user_id = #{record.userId,jdbcType=INTEGER},
      </if>
      <if test="record.balance != null">
        balance = #{record.balance,jdbcType=REAL},
      </if>
      <if test="record.recharge != null">
        recharge = #{record.recharge,jdbcType=REAL},
      </if>
      <if test="record.withdrawals != null">
        withdrawals = #{record.withdrawals,jdbcType=REAL},
      </if>
      <if test="record.state != null">
        state = #{record.state,jdbcType=INTEGER},
      </if>
    </set>
    <if test="_parameter != null">
      <include refid="Update_By_Example_Where_Clause" />
    </if>
  </update>
  <update id="updateByExample" parameterType="map">
    update purse
    set id = #{record.id,jdbcType=INTEGER},
      user_id = #{record.userId,jdbcType=INTEGER},
      balance = #{record.balance,jdbcType=REAL},
      recharge = #{record.recharge,jdbcType=REAL},
      withdrawals = #{record.withdrawals,jdbcType=REAL},
      state = #{record.state,jdbcType=INTEGER}
    <if test="_parameter != null">
      <include refid="Update_By_Example_Where_Clause" />
    </if>
  </update>
  <update id="updateByPrimaryKeySelective" parameterType="com.atguigu.crud.bean.Purse">
    update purse
    <set>
      <if test="userId != null">
        user_id = #{userId,jdbcType=INTEGER},
      </if>
      <if test="balance != null">
        balance = #{balance,jdbcType=REAL},
      </if>
      <if test="recharge != null">
        recharge = #{recharge,jdbcType=REAL},
      </if>
      <if test="withdrawals != null">
        withdrawals = #{withdrawals,jdbcType=REAL},
      </if>
      <if test="state != null">
        state = #{state,jdbcType=INTEGER},
      </if>
    </set>
    where id = #{id,jdbcType=INTEGER}
  </update>
  <update id="updateByPrimaryKey" parameterType="com.atguigu.crud.bean.Purse">
    update purse
    set user_id = #{userId,jdbcType=INTEGER},
      balance = #{balance,jdbcType=REAL},
      recharge = #{recharge,jdbcType=REAL},
      withdrawals = #{withdrawals,jdbcType=REAL},
      state = #{state,jdbcType=INTEGER}
    where id = #{id,jdbcType=INTEGER}
  </update>
</mapper>