<?xml version="1.0" encoding="UTF-8"?>
<!DOCTYPE mapper PUBLIC "-//mybatis.org//DTD Mapper 3.0//EN" "http://mybatis.org/dtd/mybatis-3-mapper.dtd">
<mapper namespace="com.atguigu.crud.dao.ReplyMapper">
  <resultMap id="BaseResultMap" type="com.atguigu.crud.bean.Reply">
    <id column="id" jdbcType="INTEGER" property="id" />
    <result column="user_id" jdbcType="INTEGER" property="userId" />
    <result column="atuser_id" jdbcType="INTEGER" property="atuserId" />
    <result column="commet_id" jdbcType="INTEGER" property="commetId" />
    <result column="content" jdbcType="VARCHAR" property="content" />
    <result column="create_at" jdbcType="VARCHAR" property="createAt" />
  </resultMap>
  <resultMap id="WithXXResultMap" type="com.atguigu.crud.bean.Reply">
    <id column="id" jdbcType="INTEGER" property="id" />
    <result column="user_id" jdbcType="INTEGER" property="userId" />
    <result column="atuser_id" jdbcType="INTEGER" property="atuserId" />
    <result column="commet_id" jdbcType="INTEGER" property="commetId" />
    <result column="content" jdbcType="VARCHAR" property="content" />
    <result column="create_at" jdbcType="VARCHAR" property="createAt" />
     <association property="user" javaType="com.atguigu.crud.bean.User">
    	<id column="id" jdbcType="INTEGER" property="id" />
	    <result column="phone" jdbcType="VARCHAR" property="phone" />
	    <result column="username" jdbcType="VARCHAR" property="username" />
	    <result column="password" jdbcType="VARCHAR" property="password" />
	    <result column="QQ" jdbcType="VARCHAR" property="qq" />
	    <result column="create_at" jdbcType="VARCHAR" property="createAt" />
	    <result column="goods_num" jdbcType="INTEGER" property="goodsNum" />
	    <result column="power" jdbcType="INTEGER" property="power" />
	    <result column="last_login" jdbcType="VARCHAR" property="lastLogin" />
	    <result column="status" jdbcType="INTEGER" property="status" />
	</association>
    <association property="comments" javaType="com.atguigu.crud.bean.Comments">
    	<id column="commet_id" property="id"/>
    	<result column="user_id" jdbcType="INTEGER" property="userId" />
	    <result column="goods_id" jdbcType="INTEGER" property="goodsId" />
	    <result column="content" jdbcType="VARCHAR" property="content" />
	    <result column="create_at" jdbcType="VARCHAR" property="createAt" />
	</association>
  </resultMap>
  <sql id="Example_Where_Clause">
    <where>
      <foreach collection="oredCriteria" item="criteria" separator="or">
        <if test="criteria.valid">
          <trim prefix="(" prefixOverrides="and" suffix=")">
            <foreach collection="criteria.criteria" item="criterion">
              <choose>
                <when test="criterion.noValue">
                  and ${criterion.condition}
                </when>
                <when test="criterion.singleValue">
                  and ${criterion.condition} #{criterion.value}
                </when>
                <when test="criterion.betweenValue">
                  and ${criterion.condition} #{criterion.value} and #{criterion.secondValue}
                </when>
                <when test="criterion.listValue">
                  and ${criterion.condition}
                  <foreach close=")" collection="criterion.value" item="listItem" open="(" separator=",">
                    #{listItem}
                  </foreach>
                </when>
              </choose>
            </foreach>
          </trim>
        </if>
      </foreach>
    </where>
  </sql>
  <sql id="Update_By_Example_Where_Clause">
    <where>
      <foreach collection="example.oredCriteria" item="criteria" separator="or">
        <if test="criteria.valid">
          <trim prefix="(" prefixOverrides="and" suffix=")">
            <foreach collection="criteria.criteria" item="criterion">
              <choose>
                <when test="criterion.noValue">
                  and ${criterion.condition}
                </when>
                <when test="criterion.singleValue">
                  and ${criterion.condition} #{criterion.value}
                </when>
                <when test="criterion.betweenValue">
                  and ${criterion.condition} #{criterion.value} and #{criterion.secondValue}
                </when>
                <when test="criterion.listValue">
                  and ${criterion.condition}
                  <foreach close=")" collection="criterion.value" item="listItem" open="(" separator=",">
                    #{listItem}
                  </foreach>
                </when>
              </choose>
            </foreach>
          </trim>
        </if>
      </foreach>
    </where>
  </sql>
  <sql id="Base_Column_List">
    id, user_id, atuser_id, commet_id, content, create_at
  </sql>
  <sql id="WithXX_Column_List">
  	r.id, r.user_id, r.atuser_id, r.commet_id, r.create_at, r.content,
  	cc.id, cc.user_id, cc.goods_id, cc.content, cc.create_at,
  	u.id, u.phone, u.username, u.password, u.QQ, u.create_at, u.goods_num, u.power, u.last_login, u.status
  </sql>
  <!-- 查询同时带信息 -->
  <select id="selectByExampleWithXX" resultMap="WithXXResultMap">
	   select
	    <if test="distinct">
	      distinct
	    </if>
	    <include refid="WithXX_Column_List" />
		FROM reply r
		left join  comments cc on (r.`commet_id`=cc.`id`)
		left join  `user` u on (r.`user_id`=u.`id`)
	    <if test="_parameter != null">
	      <include refid="Example_Where_Clause" />
	    </if>
	    <if test="orderByClause != null">
	      order by ${orderByClause}
	    </if>
  </select>
  <select id="selectByPrimaryKeyWithXX" resultMap="WithXXResultMap">
   	select 
    <include refid="WithXX_Column_List" />
    FROM reply r
		left join  comments cc on (r.`commet_id`=cc.`id`)
		left join  `user` u on (r.`user_id`=u.`id`)
		where r.id = #{id,jdbcType=INTEGER}
  </select>
  <!-- 查询不带信息 -->
  <select id="selectByExample" parameterType="com.atguigu.crud.bean.ReplyExample" resultMap="BaseResultMap">
    select
    <if test="distinct">
      distinct
    </if>
    <include refid="Base_Column_List" />
    from reply
    <if test="_parameter != null">
      <include refid="Example_Where_Clause" />
    </if>
    <if test="orderByClause != null">
      order by ${orderByClause}
    </if>
  </select>
  <select id="selectByPrimaryKey" parameterType="java.lang.Integer" resultMap="BaseResultMap">
    select 
    <include refid="Base_Column_List" />
    from reply
    where id = #{id,jdbcType=INTEGER}
  </select>
  <delete id="deleteByPrimaryKey" parameterType="java.lang.Integer">
    delete from reply
    where id = #{id,jdbcType=INTEGER}
  </delete>
  <delete id="deleteByExample" parameterType="com.atguigu.crud.bean.ReplyExample">
    delete from reply
    <if test="_parameter != null">
      <include refid="Example_Where_Clause" />
    </if>
  </delete>
  <insert id="insert" parameterType="com.atguigu.crud.bean.Reply">
    insert into reply (id, user_id, atuser_id, 
      commet_id, content, create_at
      )
    values (#{id,jdbcType=INTEGER}, #{userId,jdbcType=INTEGER}, #{atuserId,jdbcType=INTEGER}, 
      #{commetId,jdbcType=INTEGER}, #{content,jdbcType=VARCHAR}, #{createAt,jdbcType=VARCHAR}
      )
  </insert>
  <insert id="insertSelective" parameterType="com.atguigu.crud.bean.Reply">
    insert into reply
    <trim prefix="(" suffix=")" suffixOverrides=",">
      <if test="id != null">
        id,
      </if>
      <if test="userId != null">
        user_id,
      </if>
      <if test="atuserId != null">
        atuser_id,
      </if>
      <if test="commetId != null">
        commet_id,
      </if>
      <if test="content != null">
        content,
      </if>
      <if test="createAt != null">
        create_at,
      </if>
    </trim>
    <trim prefix="values (" suffix=")" suffixOverrides=",">
      <if test="id != null">
        #{id,jdbcType=INTEGER},
      </if>
      <if test="userId != null">
        #{userId,jdbcType=INTEGER},
      </if>
      <if test="atuserId != null">
        #{atuserId,jdbcType=INTEGER},
      </if>
      <if test="commetId != null">
        #{commetId,jdbcType=INTEGER},
      </if>
      <if test="content != null">
        #{content,jdbcType=VARCHAR},
      </if>
      <if test="createAt != null">
        #{createAt,jdbcType=VARCHAR},
      </if>
    </trim>
  </insert>
  <select id="countByExample" parameterType="com.atguigu.crud.bean.ReplyExample" resultType="java.lang.Long">
    select count(*) from reply
    <if test="_parameter != null">
      <include refid="Example_Where_Clause" />
    </if>
  </select>
  <update id="updateByExampleSelective" parameterType="map">
    update reply
    <set>
      <if test="record.id != null">
        id = #{record.id,jdbcType=INTEGER},
      </if>
      <if test="record.userId != null">
        user_id = #{record.userId,jdbcType=INTEGER},
      </if>
      <if test="record.atuserId != null">
        atuser_id = #{record.atuserId,jdbcType=INTEGER},
      </if>
      <if test="record.commetId != null">
        commet_id = #{record.commetId,jdbcType=INTEGER},
      </if>
      <if test="record.content != null">
        content = #{record.content,jdbcType=VARCHAR},
      </if>
      <if test="record.createAt != null">
        create_at = #{record.createAt,jdbcType=VARCHAR},
      </if>
    </set>
    <if test="_parameter != null">
      <include refid="Update_By_Example_Where_Clause" />
    </if>
  </update>
  <update id="updateByExample" parameterType="map">
    update reply
    set id = #{record.id,jdbcType=INTEGER},
      user_id = #{record.userId,jdbcType=INTEGER},
      atuser_id = #{record.atuserId,jdbcType=INTEGER},
      commet_id = #{record.commetId,jdbcType=INTEGER},
      content = #{record.content,jdbcType=VARCHAR},
      create_at = #{record.createAt,jdbcType=VARCHAR}
    <if test="_parameter != null">
      <include refid="Update_By_Example_Where_Clause" />
    </if>
  </update>
  <update id="updateByPrimaryKeySelective" parameterType="com.atguigu.crud.bean.Reply">
    update reply
    <set>
      <if test="userId != null">
        user_id = #{userId,jdbcType=INTEGER},
      </if>
      <if test="atuserId != null">
        atuser_id = #{atuserId,jdbcType=INTEGER},
      </if>
      <if test="commetId != null">
        commet_id = #{commetId,jdbcType=INTEGER},
      </if>
      <if test="content != null">
        content = #{content,jdbcType=VARCHAR},
      </if>
      <if test="createAt != null">
        create_at = #{createAt,jdbcType=VARCHAR},
      </if>
    </set>
    where id = #{id,jdbcType=INTEGER}
  </update>
  <update id="updateByPrimaryKey" parameterType="com.atguigu.crud.bean.Reply">
    update reply
    set user_id = #{userId,jdbcType=INTEGER},
      atuser_id = #{atuserId,jdbcType=INTEGER},
      commet_id = #{commetId,jdbcType=INTEGER},
      content = #{content,jdbcType=VARCHAR},
      create_at = #{createAt,jdbcType=VARCHAR}
    where id = #{id,jdbcType=INTEGER}
  </update>
</mapper>