<?xml version="1.0" encoding="UTF-8"?>
<!DOCTYPE mapper PUBLIC "-//mybatis.org//DTD Mapper 3.0//EN" "http://mybatis.org/dtd/mybatis-3-mapper.dtd">
<mapper namespace="com.atguigu.crud.dao.TzbMapper">
  <resultMap id="BaseResultMap" type="com.atguigu.crud.bean.Tzb">
    <id column="id" jdbcType="INTEGER" property="id" />
    <result column="user_id" jdbcType="INTEGER" property="userId" />
    <result column="title" jdbcType="VARCHAR" property="title" />
    <result column="content" jdbcType="VARCHAR" property="content" />
    <result column="img1" jdbcType="VARCHAR" property="img1" />
    <result column="img2" jdbcType="VARCHAR" property="img2" />
    <result column="img3" jdbcType="VARCHAR" property="img3" />
    <result column="img4" jdbcType="VARCHAR" property="img4" />
    <result column="img5" jdbcType="VARCHAR" property="img5" />
    <result column="img6" jdbcType="VARCHAR" property="img6" />
    <result column="img7" jdbcType="VARCHAR" property="img7" />
    <result column="img8" jdbcType="VARCHAR" property="img8" />
    <result column="img9" jdbcType="VARCHAR" property="img9" />
    <result column="is_effect" jdbcType="INTEGER" property="isEffect" />
    <result column="t_time" jdbcType="VARCHAR" property="tTime" />
  </resultMap>
  <resultMap id="WithXXResultMap" type="com.atguigu.crud.bean.Tzb">
    <id column="id" jdbcType="INTEGER" property="id" />
    <result column="user_id" jdbcType="INTEGER" property="userId" />
    <result column="title" jdbcType="VARCHAR" property="title" />
    <result column="content" jdbcType="VARCHAR" property="content" />
    <result column="img1" jdbcType="VARCHAR" property="img1" />
    <result column="img2" jdbcType="VARCHAR" property="img2" />
    <result column="img3" jdbcType="VARCHAR" property="img3" />
    <result column="img4" jdbcType="VARCHAR" property="img4" />
    <result column="img5" jdbcType="VARCHAR" property="img5" />
    <result column="img6" jdbcType="VARCHAR" property="img6" />
    <result column="img7" jdbcType="VARCHAR" property="img7" />
    <result column="img8" jdbcType="VARCHAR" property="img8" />
    <result column="img9" jdbcType="VARCHAR" property="img9" />
    <result column="is_effect" jdbcType="INTEGER" property="isEffect" />
    <result column="t_time" jdbcType="VARCHAR" property="tTime" />
     <association property="user" javaType="com.atguigu.crud.bean.User">
    	<id column="user_id" property="id"/>
    	<result column="phone" jdbcType="CHAR" property="phone" />
	    <result column="username" jdbcType="VARCHAR" property="username" />
	    <result column="password" jdbcType="CHAR" property="password" />
	    <result column="QQ" jdbcType="VARCHAR" property="qq" />
	    <result column="create_at" jdbcType="VARCHAR" property="createAt" />
	    <result column="goods_num" jdbcType="INTEGER" property="goodsNum" />
	    <result column="power" jdbcType="INTEGER" property="power" />
	    <result column="last_login" jdbcType="VARCHAR" property="lastLogin" />
	    <result column="status" jdbcType="INTEGER" property="status" />
	</association>
  </resultMap>
  <sql id="Example_Where_Clause">
    <where>
      <foreach collection="oredCriteria" item="criteria" separator="or">
        <if test="criteria.valid">
          <trim prefix="(" prefixOverrides="and" suffix=")">
            <foreach collection="criteria.criteria" item="criterion">
              <choose>
                <when test="criterion.noValue">
                  and ${criterion.condition}
                </when>
                <when test="criterion.singleValue">
                  and ${criterion.condition} #{criterion.value}
                </when>
                <when test="criterion.betweenValue">
                  and ${criterion.condition} #{criterion.value} and #{criterion.secondValue}
                </when>
                <when test="criterion.listValue">
                  and ${criterion.condition}
                  <foreach close=")" collection="criterion.value" item="listItem" open="(" separator=",">
                    #{listItem}
                  </foreach>
                </when>
              </choose>
            </foreach>
          </trim>
        </if>
      </foreach>
    </where>
  </sql>
  <sql id="Update_By_Example_Where_Clause">
    <where>
      <foreach collection="example.oredCriteria" item="criteria" separator="or">
        <if test="criteria.valid">
          <trim prefix="(" prefixOverrides="and" suffix=")">
            <foreach collection="criteria.criteria" item="criterion">
              <choose>
                <when test="criterion.noValue">
                  and ${criterion.condition}
                </when>
                <when test="criterion.singleValue">
                  and ${criterion.condition} #{criterion.value}
                </when>
                <when test="criterion.betweenValue">
                  and ${criterion.condition} #{criterion.value} and #{criterion.secondValue}
                </when>
                <when test="criterion.listValue">
                  and ${criterion.condition}
                  <foreach close=")" collection="criterion.value" item="listItem" open="(" separator=",">
                    #{listItem}
                  </foreach>
                </when>
              </choose>
            </foreach>
          </trim>
        </if>
      </foreach>
    </where>
  </sql>
  <sql id="Base_Column_List">
    id, user_id, title, content, img1, img2, img3, img4, img5, img6, img7, img8, img9, 
    is_effect, t_time
  </sql>
  <sql id="WithXX_Column_List">
  	t.id, t.user_id, t.title, t.content, t.img1, t.img2, t.img3, t.img4, t.img5, t.img6, t.img7, t.img8, t.img9, 
    t.is_effect, t.t_time,
  	u.id, u.phone, u.username, u.password, u.QQ, u.create_at, u.goods_num, u.power, u.last_login, u.status
  </sql>
   <!-- 查询同时带信息 -->
  <select id="selectByExampleWithXX" resultMap="WithXXResultMap">
	   select
	    <if test="distinct">
	      distinct
	    </if>
	    <include refid="WithXX_Column_List" />
		FROM tzb t
		left join  `user` u on (t.`user_id`=u.`id`)
	    <if test="_parameter != null">
	      <include refid="Example_Where_Clause" />
	    </if>
	    order by t.t_time desc
  </select>
  <select id="selectByPrimaryKeyWithXX" resultMap="WithXXResultMap">
   	select 
    <include refid="WithXX_Column_List" />
		FROM tzb t
		left join  `user` u on (t.`user_id`=u.`id`)
		where t.id = #{id,jdbcType=INTEGER}
		
  </select>
  <select id="selectByExample" parameterType="com.atguigu.crud.bean.TzbExample" resultMap="BaseResultMap">
    select
    <if test="distinct">
      distinct
    </if>
    <include refid="Base_Column_List" />
    from tzb
    <if test="_parameter != null">
      <include refid="Example_Where_Clause" />
    </if>
    <if test="orderByClause != null">
      order by ${orderByClause}
    </if>
  </select>
  <select id="selectByPrimaryKey" parameterType="java.lang.Integer" resultMap="BaseResultMap">
    select 
    <include refid="Base_Column_List" />
    from tzb
    where id = #{id,jdbcType=INTEGER}
  </select>
  <delete id="deleteByPrimaryKey" parameterType="java.lang.Integer">
    delete from tzb
    where id = #{id,jdbcType=INTEGER}
  </delete>
  <delete id="deleteByExample" parameterType="com.atguigu.crud.bean.TzbExample">
    delete from tzb
    <if test="_parameter != null">
      <include refid="Example_Where_Clause" />
    </if>
  </delete>
  <insert id="insert" parameterType="com.atguigu.crud.bean.Tzb">
    insert into tzb (id, user_id, title, 
      content, img1, img2, 
      img3, img4, img5, img6, 
      img7, img8, img9, is_effect, 
      t_time)
    values (#{id,jdbcType=INTEGER}, #{userId,jdbcType=INTEGER}, #{title,jdbcType=VARCHAR}, 
      #{content,jdbcType=VARCHAR}, #{img1,jdbcType=VARCHAR}, #{img2,jdbcType=VARCHAR}, 
      #{img3,jdbcType=VARCHAR}, #{img4,jdbcType=VARCHAR}, #{img5,jdbcType=VARCHAR}, #{img6,jdbcType=VARCHAR}, 
      #{img7,jdbcType=VARCHAR}, #{img8,jdbcType=VARCHAR}, #{img9,jdbcType=VARCHAR}, #{isEffect,jdbcType=INTEGER}, 
      #{tTime,jdbcType=VARCHAR})
  </insert>
  <insert id="insertSelective" parameterType="com.atguigu.crud.bean.Tzb">
    insert into tzb
    <trim prefix="(" suffix=")" suffixOverrides=",">
      <if test="id != null">
        id,
      </if>
      <if test="userId != null">
        user_id,
      </if>
      <if test="title != null">
        title,
      </if>
      <if test="content != null">
        content,
      </if>
      <if test="img1 != null" >
        img1,
      </if>
      <if test="img2 != null">
        img2,
      </if>
      <if test="img3 != null">
        img3,
      </if>
      <if test="img4 != null">
        img4,
      </if>
      <if test="img5 != null">
        img5,
      </if>
      <if test="img6 != null">
        img6,
      </if>
      <if test="img7 != null">
        img7,
      </if>
      <if test="img8 != null">
        img8,
      </if>
      <if test="img9 != null">
        img9,
      </if>
      <if test="isEffect != null">
        is_effect,
      </if>
      <if test="tTime != null">
        t_time,
      </if>
    </trim>
    <trim prefix="values (" suffix=")" suffixOverrides=",">
      <if test="id != null">
        #{id,jdbcType=INTEGER},
      </if>
      <if test="userId != null">
        #{userId,jdbcType=INTEGER},
      </if>
      <if test="title != null">
        #{title,jdbcType=VARCHAR},
      </if>
      <if test="content != null">
        #{content,jdbcType=VARCHAR},
      </if>
      <if test="img1 != null">
        #{img1,jdbcType=VARCHAR},
      </if>
      <if test="img2 != null">
        #{img2,jdbcType=VARCHAR},
      </if>
      <if test="img3 != null">
        #{img3,jdbcType=VARCHAR},
      </if>
      <if test="img4 != null">
        #{img4,jdbcType=VARCHAR},
      </if>
      <if test="img5 != null">
        #{img5,jdbcType=VARCHAR},
      </if>
      <if test="img6 != null">
        #{img6,jdbcType=VARCHAR},
      </if>
      <if test="img7 != null">
        #{img7,jdbcType=VARCHAR},
      </if>
      <if test="img8 != null">
        #{img8,jdbcType=VARCHAR},
      </if>
      <if test="img9 != null">
        #{img9,jdbcType=VARCHAR},
      </if>
      <if test="isEffect != null">
        #{isEffect,jdbcType=INTEGER},
      </if>
      <if test="tTime != null">
        #{tTime,jdbcType=VARCHAR},
      </if>
    </trim>
  </insert>
  <select id="countByExample" parameterType="com.atguigu.crud.bean.TzbExample" resultType="java.lang.Long">
    select count(*) from tzb
    <if test="_parameter != null">
      <include refid="Example_Where_Clause" />
    </if>
  </select>
  <update id="updateByExampleSelective" parameterType="map">
    update tzb
    <set>
      <if test="record.id != null">
        id = #{record.id,jdbcType=INTEGER},
      </if>
      <if test="record.userId != null">
        user_id = #{record.userId,jdbcType=INTEGER},
      </if>
      <if test="record.title != null">
        title = #{record.title,jdbcType=VARCHAR},
      </if>
      <if test="record.content != null">
        content = #{record.content,jdbcType=VARCHAR},
      </if>
      <if test="record.img1 != null">
        img1 = #{record.img1,jdbcType=VARCHAR},
      </if>
      <if test="record.img2 != null">
        img2 = #{record.img2,jdbcType=VARCHAR},
      </if>
      <if test="record.img3 != null">
        img3 = #{record.img3,jdbcType=VARCHAR},
      </if>
      <if test="record.img4 != null">
        img4 = #{record.img4,jdbcType=VARCHAR},
      </if>
      <if test="record.img5 != null">
        img5 = #{record.img5,jdbcType=VARCHAR},
      </if>
      <if test="record.img6 != null">
        img6 = #{record.img6,jdbcType=VARCHAR},
      </if>
      <if test="record.img7 != null">
        img7 = #{record.img7,jdbcType=VARCHAR},
      </if>
      <if test="record.img8 != null">
        img8 = #{record.img8,jdbcType=VARCHAR},
      </if>
      <if test="record.img9 != null">
        img9 = #{record.img9,jdbcType=VARCHAR},
      </if>
      <if test="record.isEffect != null">
        is_effect = #{record.isEffect,jdbcType=INTEGER},
      </if>
      <if test="record.tTime != null">
        t_time = #{record.tTime,jdbcType=VARCHAR},
      </if>
    </set>
    <if test="_parameter != null">
      <include refid="Update_By_Example_Where_Clause" />
    </if>
  </update>
  <update id="updateByExample" parameterType="map">
    update tzb
    set id = #{record.id,jdbcType=INTEGER},
      user_id = #{record.userId,jdbcType=INTEGER},
      title = #{record.title,jdbcType=VARCHAR},
      content = #{record.content,jdbcType=VARCHAR},
      img1 = #{record.img1,jdbcType=VARCHAR},
      img2 = #{record.img2,jdbcType=VARCHAR},
      img3 = #{record.img3,jdbcType=VARCHAR},
      img4 = #{record.img4,jdbcType=VARCHAR},
      img5 = #{record.img5,jdbcType=VARCHAR},
      img6 = #{record.img6,jdbcType=VARCHAR},
      img7 = #{record.img7,jdbcType=VARCHAR},
      img8 = #{record.img8,jdbcType=VARCHAR},
      img9 = #{record.img9,jdbcType=VARCHAR},
      is_effect = #{record.isEffect,jdbcType=INTEGER},
      t_time = #{record.tTime,jdbcType=VARCHAR}
    <if test="_parameter != null">
      <include refid="Update_By_Example_Where_Clause" />
    </if>
  </update>
  <update id="updateByPrimaryKeySelective" parameterType="com.atguigu.crud.bean.Tzb">
    update tzb
    <set>
      <if test="userId != null">
        user_id = #{userId,jdbcType=INTEGER},
      </if>
      <if test="title != null">
        title = #{title,jdbcType=VARCHAR},
      </if>
      <if test="content != null">
        content = #{content,jdbcType=VARCHAR},
      </if>
      <if test="img1 != null">
        img1 = #{img1,jdbcType=VARCHAR},
      </if>
      <if test="img2 != null">
        img2 = #{img2,jdbcType=VARCHAR},
      </if>
      <if test="img3 != null">
        img3 = #{img3,jdbcType=VARCHAR},
      </if>
      <if test="img4 != null">
        img4 = #{img4,jdbcType=VARCHAR},
      </if>
      <if test="img5 != null">
        img5 = #{img5,jdbcType=VARCHAR},
      </if>
      <if test="img6 != null">
        img6 = #{img6,jdbcType=VARCHAR},
      </if>
      <if test="img7 != null">
        img7 = #{img7,jdbcType=VARCHAR},
      </if>
      <if test="img8 != null">
        img8 = #{img8,jdbcType=VARCHAR},
      </if>
      <if test="img9 != null">
        img9 = #{img9,jdbcType=VARCHAR},
      </if>
      <if test="isEffect != null">
        is_effect = #{isEffect,jdbcType=INTEGER},
      </if>
      <if test="tTime != null">
        t_time = #{tTime,jdbcType=VARCHAR},
      </if>
    </set>
    where id = #{id,jdbcType=INTEGER}
  </update>
  <update id="updateByPrimaryKey" parameterType="com.atguigu.crud.bean.Tzb">
    update tzb
    set user_id = #{userId,jdbcType=INTEGER},
      title = #{title,jdbcType=VARCHAR},
      content = #{content,jdbcType=VARCHAR},
      img1 = #{img1,jdbcType=VARCHAR},
      img2 = #{img2,jdbcType=VARCHAR},
      img3 = #{img3,jdbcType=VARCHAR},
      img4 = #{img4,jdbcType=VARCHAR},
      img5 = #{img5,jdbcType=VARCHAR},
      img6 = #{img6,jdbcType=VARCHAR},
      img7 = #{img7,jdbcType=VARCHAR},
      img8 = #{img8,jdbcType=VARCHAR},
      img9 = #{img9,jdbcType=VARCHAR},
      is_effect = #{isEffect,jdbcType=INTEGER},
      t_time = #{tTime,jdbcType=VARCHAR}
    where id = #{id,jdbcType=INTEGER}
  </update>
</mapper>