<?xml version="1.0" encoding="UTF-8"?>
<!DOCTYPE mapper PUBLIC "-//mybatis.org//DTD Mapper 3.0//EN" "http://mybatis.org/dtd/mybatis-3-mapper.dtd">
<mapper namespace="com.atguigu.crud.dao.TzReplayMapper">
  <resultMap id="BaseResultMap" type="com.atguigu.crud.bean.TzReplay">
    <id column="id" jdbcType="INTEGER" property="id" />
    <result column="tz_id" jdbcType="INTEGER" property="tzId" />
    <result column="user_id" jdbcType="INTEGER" property="userId" />
    <result column="r_content" jdbcType="VARCHAR" property="rContent" />
    <result column="is_like" jdbcType="INTEGER" property="isLike" />
    <result column="r_image" jdbcType="VARCHAR" property="rImage" />
    <result column="r_time" jdbcType="VARCHAR" property="rTime" />
    <result column="status" jdbcType="INTEGER" property="status" />
  </resultMap>
   <resultMap id="WithXXResultMap" type="com.atguigu.crud.bean.TzReplay">
    <id column="id" jdbcType="INTEGER" property="id" />
    <result column="tz_id" jdbcType="INTEGER" property="tzId" />
    <result column="user_id" jdbcType="INTEGER" property="userId" />
    <result column="r_content" jdbcType="VARCHAR" property="rContent" />
    <result column="is_like" jdbcType="INTEGER" property="isLike" />
    <result column="r_image" jdbcType="VARCHAR" property="rImage" />
    <result column="r_time" jdbcType="VARCHAR" property="rTime" />
    <result column="status" jdbcType="INTEGER" property="status" />
     <association property="user" javaType="com.atguigu.crud.bean.User">
    	<id column="user_id" property="id"/>
    	<result column="phone" jdbcType="CHAR" property="phone" />
	    <result column="username" jdbcType="VARCHAR" property="username" />
	    <result column="password" jdbcType="CHAR" property="password" />
	    <result column="QQ" jdbcType="VARCHAR" property="qq" />
	    <result column="create_at" jdbcType="VARCHAR" property="createAt" />
	    <result column="goods_num" jdbcType="INTEGER" property="goodsNum" />
	    <result column="power" jdbcType="INTEGER" property="power" />
	    <result column="last_login" jdbcType="VARCHAR" property="lastLogin" />
	    <result column="status" jdbcType="INTEGER" property="status" />
	</association>
	 <association property="tzb" javaType="com.atguigu.crud.bean.Tzb">
    	<id column="tz_id" jdbcType="INTEGER" property="id" />
	    <result column="user_id" jdbcType="INTEGER" property="userId" />
	    <result column="title" jdbcType="VARCHAR" property="title" />
	    <result column="content" jdbcType="VARCHAR" property="content" />
	    <result column="img1" jdbcType="VARCHAR" property="img1" />
	    <result column="img2" jdbcType="VARCHAR" property="img2" />
	    <result column="img3" jdbcType="VARCHAR" property="img3" />
	    <result column="img4" jdbcType="VARCHAR" property="img4" />
	    <result column="img5" jdbcType="VARCHAR" property="img5" />
	    <result column="img6" jdbcType="VARCHAR" property="img6" />
	    <result column="img7" jdbcType="VARCHAR" property="img7" />
	    <result column="img8" jdbcType="VARCHAR" property="img8" />
	    <result column="img9" jdbcType="VARCHAR" property="img9" />
	    <result column="is_effect" jdbcType="INTEGER" property="isEffect" />
	    <result column="t_time" jdbcType="VARCHAR" property="tTime" />
	</association>
  </resultMap>
  <sql id="Example_Where_Clause">
    <where>
      <foreach collection="oredCriteria" item="criteria" separator="or">
        <if test="criteria.valid">
          <trim prefix="(" prefixOverrides="and" suffix=")">
            <foreach collection="criteria.criteria" item="criterion">
              <choose>
                <when test="criterion.noValue">
                  and ${criterion.condition}
                </when>
                <when test="criterion.singleValue">
                  and ${criterion.condition} #{criterion.value}
                </when>
                <when test="criterion.betweenValue">
                  and ${criterion.condition} #{criterion.value} and #{criterion.secondValue}
                </when>
                <when test="criterion.listValue">
                  and ${criterion.condition}
                  <foreach close=")" collection="criterion.value" item="listItem" open="(" separator=",">
                    #{listItem}
                  </foreach>
                </when>
              </choose>
            </foreach>
          </trim>
        </if>
      </foreach>
    </where>
  </sql>
  <sql id="Update_By_Example_Where_Clause">
    <where>
      <foreach collection="example.oredCriteria" item="criteria" separator="or">
        <if test="criteria.valid">
          <trim prefix="(" prefixOverrides="and" suffix=")">
            <foreach collection="criteria.criteria" item="criterion">
              <choose>
                <when test="criterion.noValue">
                  and ${criterion.condition}
                </when>
                <when test="criterion.singleValue">
                  and ${criterion.condition} #{criterion.value}
                </when>
                <when test="criterion.betweenValue">
                  and ${criterion.condition} #{criterion.value} and #{criterion.secondValue}
                </when>
                <when test="criterion.listValue">
                  and ${criterion.condition}
                  <foreach close=")" collection="criterion.value" item="listItem" open="(" separator=",">
                    #{listItem}
                  </foreach>
                </when>
              </choose>
            </foreach>
          </trim>
        </if>
      </foreach>
    </where>
  </sql>
  <sql id="Base_Column_List">
    id, tz_id, user_id, r_content, is_like, r_image, r_time, status
  </sql>
   <sql id="WithXX_Column_List">
   r.id, r.tz_id, r.user_id, r.r_content, r.is_like, r.r_image, r.r_time, r.status,
  	t.id, t.user_id, t.title, t.content, t.img1, t.img2, t.img3, t.img4, t.img5, t.img6, t.img7, t.img8, t.img9, 
    t.is_effect, t.t_time,
  	u.id, u.phone, u.username, u.password, u.QQ, u.create_at, u.goods_num, u.power, u.last_login, u.status
  </sql>
   <!-- 查询同时带信息 -->
  <select id="selectByExampleWithXX" resultMap="WithXXResultMap">
	   select
	    <if test="distinct">
	      distinct
	    </if>
	    <include refid="WithXX_Column_List" />
		FROM tz_replay r
		left join  tzb t on (r.`tz_id`=t.`id`)
		left join  `user` u on (r.`user_id`=u.`id`)
	    <if test="_parameter != null">
	      <include refid="Example_Where_Clause" />
	    </if>
	    order by r.r_time desc
  </select>
  <select id="selectByPrimaryKeyWithXX" resultMap="WithXXResultMap">
   	select 
    <include refid="WithXX_Column_List" />
   FROM tz_replay r
		left join  tzb t on (r.`tz_id`=t.`id`)
		left join  `user` u on (r.`user_id`=u.`id`)
  </select>
  <select id="selectByExample" parameterType="com.atguigu.crud.bean.TzReplayExample" resultMap="BaseResultMap">
    select
    <if test="distinct">
      distinct
    </if>
    <include refid="Base_Column_List" />
    from tz_replay
    <if test="_parameter != null">
      <include refid="Example_Where_Clause" />
    </if>
    <if test="orderByClause != null">
      order by ${orderByClause}
    </if>
  </select>
  <select id="selectByPrimaryKey" parameterType="java.lang.Integer" resultMap="BaseResultMap">
    select 
    <include refid="Base_Column_List" />
    from tz_replay
    where id = #{id,jdbcType=INTEGER}
  </select>
  <delete id="deleteByPrimaryKey" parameterType="java.lang.Integer">
    delete from tz_replay
    where id = #{id,jdbcType=INTEGER}
  </delete>
  <delete id="deleteByExample" parameterType="com.atguigu.crud.bean.TzReplayExample">
    delete from tz_replay
    <if test="_parameter != null">
      <include refid="Example_Where_Clause" />
    </if>
  </delete>
  <insert id="insert" parameterType="com.atguigu.crud.bean.TzReplay">
    insert into tz_replay (id, tz_id, user_id, 
      r_content, is_like, r_image, 
      r_time, status)
    values (#{id,jdbcType=INTEGER}, #{tzId,jdbcType=INTEGER}, #{userId,jdbcType=INTEGER}, 
      #{rContent,jdbcType=VARCHAR}, #{isLike,jdbcType=INTEGER}, #{rImage,jdbcType=VARCHAR}, 
      #{rTime,jdbcType=VARCHAR}, #{status,jdbcType=INTEGER})
  </insert>
  <insert id="insertSelective" parameterType="com.atguigu.crud.bean.TzReplay">
    insert into tz_replay
    <trim prefix="(" suffix=")" suffixOverrides=",">
      <if test="id != null">
        id,
      </if>
      <if test="tzId != null">
        tz_id,
      </if>
      <if test="userId != null">
        user_id,
      </if>
      <if test="rContent != null">
        r_content,
      </if>
      <if test="isLike != null">
        is_like,
      </if>
      <if test="rImage != null">
        r_image,
      </if>
      <if test="rTime != null">
        r_time,
      </if>
      <if test="status != null">
        status,
      </if>
    </trim>
    <trim prefix="values (" suffix=")" suffixOverrides=",">
      <if test="id != null">
        #{id,jdbcType=INTEGER},
      </if>
      <if test="tzId != null">
        #{tzId,jdbcType=INTEGER},
      </if>
      <if test="userId != null">
        #{userId,jdbcType=INTEGER},
      </if>
      <if test="rContent != null">
        #{rContent,jdbcType=VARCHAR},
      </if>
      <if test="isLike != null">
        #{isLike,jdbcType=INTEGER},
      </if>
      <if test="rImage != null">
        #{rImage,jdbcType=VARCHAR},
      </if>
      <if test="rTime != null">
        #{rTime,jdbcType=VARCHAR},
      </if>
      <if test="status != null">
        #{status,jdbcType=INTEGER},
      </if>
    </trim>
  </insert>
  <select id="countByExample" parameterType="com.atguigu.crud.bean.TzReplayExample" resultType="java.lang.Long">
    select count(*) from tz_replay
    <if test="_parameter != null">
      <include refid="Example_Where_Clause" />
    </if>
  </select>
  <update id="updateByExampleSelective" parameterType="map">
    update tz_replay
    <set>
      <if test="record.id != null">
        id = #{record.id,jdbcType=INTEGER},
      </if>
      <if test="record.tzId != null">
        tz_id = #{record.tzId,jdbcType=INTEGER},
      </if>
      <if test="record.userId != null">
        user_id = #{record.userId,jdbcType=INTEGER},
      </if>
      <if test="record.rContent != null">
        r_content = #{record.rContent,jdbcType=VARCHAR},
      </if>
      <if test="record.isLike != null">
        is_like = #{record.isLike,jdbcType=INTEGER},
      </if>
      <if test="record.rImage != null">
        r_image = #{record.rImage,jdbcType=VARCHAR},
      </if>
      <if test="record.rTime != null">
        r_time = #{record.rTime,jdbcType=VARCHAR},
      </if>
      <if test="record.status != null">
        status = #{record.status,jdbcType=INTEGER},
      </if>
    </set>
    <if test="_parameter != null">
      <include refid="Update_By_Example_Where_Clause" />
    </if>
  </update>
  <update id="updateByExample" parameterType="map">
    update tz_replay
    set id = #{record.id,jdbcType=INTEGER},
      tz_id = #{record.tzId,jdbcType=INTEGER},
      user_id = #{record.userId,jdbcType=INTEGER},
      r_content = #{record.rContent,jdbcType=VARCHAR},
      is_like = #{record.isLike,jdbcType=INTEGER},
      r_image = #{record.rImage,jdbcType=VARCHAR},
      r_time = #{record.rTime,jdbcType=VARCHAR},
      status = #{record.status,jdbcType=INTEGER}
    <if test="_parameter != null">
      <include refid="Update_By_Example_Where_Clause" />
    </if>
  </update>
  <update id="updateByPrimaryKeySelective" parameterType="com.atguigu.crud.bean.TzReplay">
    update tz_replay
    <set>
      <if test="tzId != null">
        tz_id = #{tzId,jdbcType=INTEGER},
      </if>
      <if test="userId != null">
        user_id = #{userId,jdbcType=INTEGER},
      </if>
      <if test="rContent != null">
        r_content = #{rContent,jdbcType=VARCHAR},
      </if>
      <if test="isLike != null">
        is_like = #{isLike,jdbcType=INTEGER},
      </if>
      <if test="rImage != null">
        r_image = #{rImage,jdbcType=VARCHAR},
      </if>
      <if test="rTime != null">
        r_time = #{rTime,jdbcType=VARCHAR},
      </if>
      <if test="status != null">
        status = #{status,jdbcType=INTEGER},
      </if>
    </set>
    where id = #{id,jdbcType=INTEGER}
  </update>
  <update id="updateByPrimaryKey" parameterType="com.atguigu.crud.bean.TzReplay">
    update tz_replay
    set tz_id = #{tzId,jdbcType=INTEGER},
      user_id = #{userId,jdbcType=INTEGER},
      r_content = #{rContent,jdbcType=VARCHAR},
      is_like = #{isLike,jdbcType=INTEGER},
      r_image = #{rImage,jdbcType=VARCHAR},
      r_time = #{rTime,jdbcType=VARCHAR},
      status = #{status,jdbcType=INTEGER}
    where id = #{id,jdbcType=INTEGER}
  </update>
</mapper>