<?xml version="1.0" encoding="UTF-8"?>
<!DOCTYPE mapper PUBLIC "-//mybatis.org//DTD Mapper 3.0//EN" "http://mybatis.org/dtd/mybatis-3-mapper.dtd">
<mapper namespace="com.atguigu.crud.dao.UserMapper">
  <resultMap id="BaseResultMap" type="com.atguigu.crud.bean.User">
    <id column="id" jdbcType="INTEGER" property="id" />
    <result column="phone" jdbcType="VARCHAR" property="phone" />
    <result column="username" jdbcType="VARCHAR" property="username" />
    <result column="password" jdbcType="VARCHAR" property="password" />
    <result column="QQ" jdbcType="VARCHAR" property="qq" />
    <result column="create_at" jdbcType="VARCHAR" property="createAt" />
    <result column="goods_num" jdbcType="INTEGER" property="goodsNum" />
    <result column="power" jdbcType="INTEGER" property="power" />
    <result column="last_login" jdbcType="VARCHAR" property="lastLogin" />
    <result column="status" jdbcType="INTEGER" property="status" />
  </resultMap>
  <sql id="Example_Where_Clause">
    <where>
      <foreach collection="oredCriteria" item="criteria" separator="or">
        <if test="criteria.valid">
          <trim prefix="(" prefixOverrides="and" suffix=")">
            <foreach collection="criteria.criteria" item="criterion">
              <choose>
                <when test="criterion.noValue">
                  and ${criterion.condition}
                </when>
                <when test="criterion.singleValue">
                  and ${criterion.condition} #{criterion.value}
                </when>
                <when test="criterion.betweenValue">
                  and ${criterion.condition} #{criterion.value} and #{criterion.secondValue}
                </when>
                <when test="criterion.listValue">
                  and ${criterion.condition}
                  <foreach close=")" collection="criterion.value" item="listItem" open="(" separator=",">
                    #{listItem}
                  </foreach>
                </when>
              </choose>
            </foreach>
          </trim>
        </if>
      </foreach>
    </where>
  </sql>
  <sql id="Update_By_Example_Where_Clause">
    <where>
      <foreach collection="example.oredCriteria" item="criteria" separator="or">
        <if test="criteria.valid">
          <trim prefix="(" prefixOverrides="and" suffix=")">
            <foreach collection="criteria.criteria" item="criterion">
              <choose>
                <when test="criterion.noValue">
                  and ${criterion.condition}
                </when>
                <when test="criterion.singleValue">
                  and ${criterion.condition} #{criterion.value}
                </when>
                <when test="criterion.betweenValue">
                  and ${criterion.condition} #{criterion.value} and #{criterion.secondValue}
                </when>
                <when test="criterion.listValue">
                  and ${criterion.condition}
                  <foreach close=")" collection="criterion.value" item="listItem" open="(" separator=",">
                    #{listItem}
                  </foreach>
                </when>
              </choose>
            </foreach>
          </trim>
        </if>
      </foreach>
    </where>
  </sql>
  <sql id="Base_Column_List">
    id, phone, username, password, QQ, create_at, goods_num, power, last_login, status
  </sql>
  <select id="selectByObj" resultType="com.atguigu.crud.bean.User">
  	select * from user where phone = #{phone} and password = #{password}
  </select>
  <select id="selectByExample" parameterType="com.atguigu.crud.bean.UserExample" resultMap="BaseResultMap">
    select
    <if test="distinct">
      distinct
    </if>
    <include refid="Base_Column_List" />
    from user
    <if test="_parameter != null">
      <include refid="Example_Where_Clause" />
    </if>
    <if test="orderByClause != null">
      order by ${orderByClause}
    </if>
  </select>
  <select id="selectByPrimaryKey" parameterType="java.lang.Integer" resultMap="BaseResultMap">
    select 
    <include refid="Base_Column_List" />
    from user
    where id = #{id,jdbcType=INTEGER}
  </select>
  <delete id="deleteByPrimaryKey" parameterType="java.lang.Integer">
    delete from user
    where id = #{id,jdbcType=INTEGER}
  </delete>
  <delete id="deleteByExample" parameterType="com.atguigu.crud.bean.UserExample">
    delete from user
    <if test="_parameter != null">
      <include refid="Example_Where_Clause" />
    </if>
  </delete>
  <insert id="insert" parameterType="com.atguigu.crud.bean.User">
    insert into user (id, phone, username, 
      password, QQ, create_at, 
      goods_num, power, last_login, 
      status)
    values (#{id,jdbcType=INTEGER}, #{phone,jdbcType=CHAR}, #{username,jdbcType=VARCHAR}, 
      #{password,jdbcType=CHAR}, #{qq,jdbcType=VARCHAR}, #{createAt,jdbcType=VARCHAR}, 
      #{goodsNum,jdbcType=INTEGER}, #{power,jdbcType=INTEGER}, #{lastLogin,jdbcType=VARCHAR}, 
      #{status,jdbcType=INTEGER})
  </insert>
  <insert id="insertSelective" parameterType="com.atguigu.crud.bean.User">
    insert into user
    <trim prefix="(" suffix=")" suffixOverrides=",">
      <if test="id != null">
        id,
      </if>
      <if test="phone != null">
        phone,
      </if>
      <if test="username != null">
        username,
      </if>
      <if test="password != null">
        password,
      </if>
      <if test="qq != null">
        QQ,
      </if>
      <if test="createAt != null">
        create_at,
      </if>
      <if test="goodsNum != null">
        goods_num,
      </if>
      <if test="power != null">
        power,
      </if>
      <if test="lastLogin != null">
        last_login,
      </if>
      <if test="status != null">
        status,
      </if>
    </trim>
    <trim prefix="values (" suffix=")" suffixOverrides=",">
      <if test="id != null">
        #{id,jdbcType=INTEGER},
      </if>
      <if test="phone != null">
        #{phone,jdbcType=CHAR},
      </if>
      <if test="username != null">
        #{username,jdbcType=VARCHAR},
      </if>
      <if test="password != null">
        #{password,jdbcType=CHAR},
      </if>
      <if test="qq != null">
        #{qq,jdbcType=VARCHAR},
      </if>
      <if test="createAt != null">
        #{createAt,jdbcType=VARCHAR},
      </if>
      <if test="goodsNum != null">
        #{goodsNum,jdbcType=INTEGER},
      </if>
      <if test="power != null">
        #{power,jdbcType=INTEGER},
      </if>
      <if test="lastLogin != null">
        #{lastLogin,jdbcType=VARCHAR},
      </if>
      <if test="status != null">
        #{status,jdbcType=INTEGER},
      </if>
    </trim>
  </insert>
  <select id="countByExample" parameterType="com.atguigu.crud.bean.UserExample" resultType="java.lang.Long">
    select count(*) from user
    <if test="_parameter != null">
      <include refid="Example_Where_Clause" />
    </if>
  </select>
  <update id="updateByExampleSelective" parameterType="map">
    update user
    <set>
      <if test="record.id != null">
        id = #{record.id,jdbcType=INTEGER},
      </if>
      <if test="record.phone != null">
        phone = #{record.phone,jdbcType=CHAR},
      </if>
      <if test="record.username != null">
        username = #{record.username,jdbcType=VARCHAR},
      </if>
      <if test="record.password != null">
        password = #{record.password,jdbcType=CHAR},
      </if>
      <if test="record.qq != null">
        QQ = #{record.qq,jdbcType=VARCHAR},
      </if>
      <if test="record.createAt != null">
        create_at = #{record.createAt,jdbcType=VARCHAR},
      </if>
      <if test="record.goodsNum != null">
        goods_num = #{record.goodsNum,jdbcType=INTEGER},
      </if>
      <if test="record.power != null">
        power = #{record.power,jdbcType=INTEGER},
      </if>
      <if test="record.lastLogin != null">
        last_login = #{record.lastLogin,jdbcType=VARCHAR},
      </if>
      <if test="record.status != null">
        status = #{record.status,jdbcType=INTEGER},
      </if>
    </set>
    <if test="_parameter != null">
      <include refid="Update_By_Example_Where_Clause" />
    </if>
  </update>
  <update id="updateByExample" parameterType="map">
    update user
    set id = #{record.id,jdbcType=INTEGER},
      phone = #{record.phone,jdbcType=CHAR},
      username = #{record.username,jdbcType=VARCHAR},
      password = #{record.password,jdbcType=CHAR},
      QQ = #{record.qq,jdbcType=VARCHAR},
      create_at = #{record.createAt,jdbcType=VARCHAR},
      goods_num = #{record.goodsNum,jdbcType=INTEGER},
      power = #{record.power,jdbcType=INTEGER},
      last_login = #{record.lastLogin,jdbcType=VARCHAR},
      status = #{record.status,jdbcType=INTEGER}
    <if test="_parameter != null">
      <include refid="Update_By_Example_Where_Clause" />
    </if>
  </update>
  <update id="updateByPrimaryKeySelective" parameterType="com.atguigu.crud.bean.User">
    update user
    <set>
      <if test="phone != null">
        phone = #{phone,jdbcType=CHAR},
      </if>
      <if test="username != null">
        username = #{username,jdbcType=VARCHAR},
      </if>
      <if test="password != null">
        password = #{password,jdbcType=CHAR},
      </if>
      <if test="qq != null">
        QQ = #{qq,jdbcType=VARCHAR},
      </if>
      <if test="createAt != null">
        create_at = #{createAt,jdbcType=VARCHAR},
      </if>
      <if test="goodsNum != null">
        goods_num = #{goodsNum,jdbcType=INTEGER},
      </if>
      <if test="power != null">
        power = #{power,jdbcType=INTEGER},
      </if>
      <if test="lastLogin != null">
        last_login = #{lastLogin,jdbcType=VARCHAR},
      </if>
      <if test="status != null">
        status = #{status,jdbcType=INTEGER},
      </if>
    </set>
    where id = #{id,jdbcType=INTEGER}
  </update>
  <update id="updateByPrimaryKey" parameterType="com.atguigu.crud.bean.User">
    update user
    set phone = #{phone,jdbcType=CHAR},
      username = #{username,jdbcType=VARCHAR},
      password = #{password,jdbcType=CHAR},
      QQ = #{qq,jdbcType=VARCHAR},
      create_at = #{createAt,jdbcType=VARCHAR},
      goods_num = #{goodsNum,jdbcType=INTEGER},
      power = #{power,jdbcType=INTEGER},
      last_login = #{lastLogin,jdbcType=VARCHAR},
      status = #{status,jdbcType=INTEGER}
    where id = #{id,jdbcType=INTEGER}
  </update>
  <!-- 搜索框 模糊查询 -->
  <select id="selectquery"  parameterType="com.atguigu.crud.bean.UserExample" resultMap="BaseResultMap">
		<!-- select good_name from goods where good_name like '%${_parameter}%' -->
		select * from user where username like concat('%',#{param1},'%')
	</select>	
  
  
  	<select id="listByObj"  resultType="com.atguigu.crud.bean.User">
		select 
		<include refid="Base_Column_List" />
		 from user
		<where>
			id != ''
			<if test="id != null and id !=''">
				and id like '%${id}%'
			</if>
			<if test="username != null and username !=''">
				and username like '%${username}%'
			</if>
			<if test="phone != null and phone != ''">
				and phone like '%${phone}%'
			</if>
			<if test="qq != null and qq != ''">
				and qq like '%${qq}%'
			</if>
		</where>
	</select>
</mapper>