{
  "setting": {},
  "condition": {
    "plugin": {
      "list": []
    },
    "game": {
      "list": []
    },
    "gamePlugin": {
      "list": []
    },
    "miniprogram": {
      "list": [
        {
          "name": "首页",
          "pathName": "pages/index/index",
          "query": "",
          "scene": null
        },
        {
          "name": "pages/user/purse/purse/addPurse/addPurse",
          "pathName": "pages/user/purse/purse/addPurse/addPurse",
          "query": "id=5",
          "scene": null
        },
        {
          "name": "pages/fabugood2/fabugood2",
          "pathName": "pages/fabugood2/fabugood2",
          "query": "",
          "scene": null
        },
        {
          "name": "个人中心",
          "pathName": "pages/user/user",
          "query": "",
          "scene": null
        },
        {
          "name": "订单查询",
          "pathName": "pages/order/order",
          "query": "type=1",
          "scene": null
        },
        {
          "name": "意见反馈",
          "pathName": "pages/feedback/feedback",
          "query": "",
          "scene": null
        },
        {
          "name": "发布商品",
          "pathName": "pages/fabugood/fabugood",
          "query": "",
          "scene": null
        },
        {
          "name": "评论留言",
          "pathName": "pages/comments/comments",
          "query": "",
          "scene": null
        },
        {
          "name": "分类",
          "pathName": "pages/catelog/catelog",
          "query": "",
          "scene": null
        },
        {
          "name": "商品列表",
          "pathName": "pages/goods_list/goods_list",
          "query": "id=1",
          "scene": null
        },
        {
          "name": "购物车",
          "pathName": "pages/cart/cart",
          "query": "id=1",
          "scene": null
        },
        {
          "name": "商品收藏",
          "pathName": "pages/collect/collect",
          "query": "",
          "scene": null
        },
        {
          "name": "我的地址",
          "pathName": "pages/address/address",
          "query": "",
          "scene": null
        },
        {
          "name": "地址管理",
          "pathName": "pages/address/addressList/addressList",
          "query": "",
          "scene": null
        },
        {
          "name": "支付",
          "pathName": "pages/pay/pay",
          "query": "",
          "scene": null
        },
        {
          "name": "支付",
          "pathName": "pages/pay/pay",
          "query": "",
          "scene": null
        },
        {
          "name": "搜索",
          "pathName": "pages/search/search",
          "query": "",
          "scene": null
        },
        {
          "name": "交易",
          "pathName": "pages/jiaoyi/jiaoyi",
          "query": "",
          "scene": null
        },
        {
          "name": "demo",
          "pathName": "pages/demo/demo",
          "query": "id=1",
          "scene": null
        },
        {
          "name": "地址管理",
          "pathName": "pages/address/addressList/addressList",
          "query": "",
          "scene": null
        },
        {
          "name": "玩吧",
          "pathName": "pages/wanba/wanba",
          "query": "",
          "scene": null
        },
        {
          "name": "pages/catelog/catelog",
          "pathName": "pages/catelog/catelog",
          "query": "",
          "scene": null
        },
        {
          "name": "pages/wanba/addWanba2/addWanba2",
          "pathName": "pages/wanba/addWanba2/addWanba2",
          "query": "id=7",
          "scene": null
        },
        {
          "name": " pages/orders/orders",
          "pathName": "pages/orders/orders",
          "query": "id=7",
          "scene": null
        },
        {
          "name": "pages/user/login/login",
          "pathName": "pages/user/login/login",
          "query": "",
          "scene": null
        }
      ]
    }
  }
}